Country (Name),ASFIS species (Name),FAO major fishing area (Name),Unit (Name),[1950],S,[1951],S,[1952],S,[1953],S,[1954],S,[1955],S,[1956],S,[1957],S,[1958],S,[1959],S,[1960],S,[1961],S,[1962],S,[1963],S,[1964],S,[1965],S,[1966],S,[1967],S,[1968],S,[1969],S,[1970],S,[1971],S,[1972],S,[1973],S,[1974],S,[1975],S,[1976],S,[1977],S,[1978],S,[1979],S,[1980],S,[1981],S,[1982],S,[1983],S,[1984],S,[1985],S,[1986],S,[1987],S,[1988],S,[1989],S,[1990],S,[1991],S,[1992],S,[1993],S,[1994],S,[1995],S,[1996],S,[1997],S,[1998],S,[1999],S,[2000],S,[2001],S,[2002],S,[2003],S,[2004],S,[2005],S,[2006],S,[2007],S,[2008],S,[2009],S,[2010],S,[2011],S,[2012],S,[2013],S,[2014],S,[2015],S,[2016],S,[2017],S,[2018],S
American Samoa,Blue shark,All,Tonnes - live weight,0,-,0,-,0,-,0,-,0,-,0,-,0,-,0,-,0,-,0,-,0,-,0,-,0,-,0,-,0,-,0,-,0,-,0,-,0,-,0,-,0,-,0,-,0,-,0,-,0,-,0,-,0,-,0,-,0,-,0,-,0,-,0,-,0,-,0,-,0,-,0,-,0,-,0,-,0,-,0,-,0,-,0,-,0,-,0,-,0,-,0,-,0,-,0,-,0,-,0,-,0,-,0,-,0,-,0,-,0,-,0,-,1,,1,,1,,1,,2,,5,,0,.,0,.,0,.,0,.,0,.,0,.,0,-
American Samoa,Mako sharks,All,Tonnes - live weight,0,-,0,-,0,-,0,-,0,-,0,-,0,-,0,-,0,-,0,-,0,-,0,-,0,-,0,-,0,-,0,-,0,-,0,-,0,-,0,-,0,-,0,-,0,-,0,-,0,-,0,-,0,-,0,-,0,-,0,-,0,-,0,-,0,-,0,-,0,-,0,-,0,-,0,-,0,-,0,-,0,-,0,-,0,-,0,-,0,-,0,-,0,-,0,-,0,-,0,-,0,-,0,-,0,-,0,-,0,-,0,-,1,,0,-,0,-,0,-,3,,8,,8,,4,,2,,4,,9,,5,,5,
American Samoa,Thresher sharks nei,All,Tonnes - live weight,0,-,0,-,0,-,0,-,0,-,0,-,0,-,0,-,0,-,0,-,0,-,0,-,0,-,0,-,0,-,0,-,0,-,0,-,0,-,0,-,0,-,0,-,0,-,0,-,0,-,0,-,0,-,0,-,0,-,0,-,0,-,0,-,0,-,0,-,0,-,0,-,0,-,0,-,0,-,0,-,0,-,0,-,0,-,0,-,0,-,0,-,0,-,0,-,0,-,0,-,0,-,0,-,0,-,0,-,0,-,0,-,0,-,0,-,0,-,0,-,0,-,4,,4,,0,-,1,,1,,0,-,1,,1,
Belize,Blue shark,All,Tonnes - live weight,0,-,0,-,0,-,0,-,0,-,0,-,0,-,0,-,0,-,0,-,0,-,0,-,0,-,0,-,0,-,0,-,0,-,0,-,0,-,0,-,0,-,0,-,0,-,0,-,0,-,0,-,0,-,0,-,0,-,0,-,0,-,0,-,0,-,0,-,0,-,0,-,0,-,0,-,0,-,0,-,0,-,0,-,0,-,0,-,0,-,0,-,0,-,0,-,0,-,0,-,0,-,0,-,0,-,0,-,37,,273,,0,.,246,,113,,114,,735,,1294,,1388,,1452,,572,,109,,173,,401,,539,
Benin,Blue shark,All,Tonnes - live weight,0,.,0,.,0,.,0,.,0,.,0,.,0,.,0,.,0,.,0,.,0,.,0,.,0,.,0,.,0,.,0,.,0,.,0,.,0,.,0,.,0,.,0,.,0,.,0,.,0,.,0,.,0,.,0,.,0,.,0,.,0,.,0,.,0,.,0,.,0,.,0,.,0,.,0,.,0,.,0,.,0,.,0,.,0,.,0,.,0,.,0,.,0,.,6,,4,,27,,0,.,0,.,0,.,9,,7,,6,,6,,5,,0,.,0,.,0,.,0,.,0,.,0,.,0,.,0,.,0,.,0,.,0,.
Benin,"Hammerhead sharks, etc. nei",All,Tonnes - live weight,0,.,0,.,0,.,0,.,0,.,0,.,0,.,0,.,0,.,0,.,0,.,0,.,0,.,0,.,0,.,0,.,0,.,0,.,0,.,0,.,0,.,0,.,0,.,0,.,0,.,0,.,0,.,0,.,0,.,0,.,0,.,0,.,0,.,0,.,0,.,0,.,0,.,0,.,0,.,0,.,0,.,0,.,0,.,0,.,0,.,0,.,0,.,0,.,0,.,9,,0,.,0,.,0,.,15,,15,,12,,12,,10,,0,.,268,,153,,51,,268,,131,,118,,901,,845,,2,,1041,
Brazil,Blue shark,All,Tonnes - live weight,0,.,0,.,0,.,0,.,0,.,0,.,0,.,0,.,0,.,0,.,0,.,0,.,0,.,0,.,0,.,0,.,0,.,0,.,0,.,0,.,0,.,0,.,0,.,0,.,0,.,0,.,0,.,0,.,0,.,0,.,0,.,0,.,0,.,0,.,0,.,0,.,0,.,0,.,0,.,0,.,0,.,0,.,150,F,800,F,0,.,0,.,743,,1103,,0,.,179,,1689,,2173,,1971,,2168,,1669,,2523,,2591,,2318,,2000,,1274,,1500,,1980,,1607,,2013,,2551,,2420,,1334,,2177,,3011,
Brazil,Oceanic whitetip shark,All,Tonnes - live weight,0,.,0,.,0,.,0,.,0,.,0,.,0,.,0,.,0,.,0,.,0,.,0,.,0,.,0,.,0,.,0,.,0,.,0,.,0,.,0,.,0,.,0,.,0,.,0,.,0,.,0,.,0,.,0,.,0,.,0,.,0,.,0,.,0,.,0,.,0,.,0,.,0,.,0,.,0,.,0,.,0,.,0,.,0,.,0,.,0,.,0,.,0,.,0,.,0,.,0,.,638,,534,,203,,174,,187,,78,,76,,14,,240,,0,.,0,.,0,0,0,0,7,,6,,1,,1,,1,,0,.
Brazil,Silky shark,All,Tonnes - live weight,0,.,0,.,0,.,0,.,0,.,0,.,0,.,0,.,0,.,0,.,0,.,0,.,0,.,0,.,0,.,0,.,0,.,0,.,0,.,0,.,0,.,0,.,0,.,0,.,0,.,0,.,0,.,0,.,0,.,0,.,0,.,0,.,0,.,0,.,0,.,0,.,0,.,0,.,0,.,0,.,0,.,0,.,0,.,0,.,0,.,0,.,502,,279,,0,.,70,,80,,0,.,328,,307,,286,,20,,0,0,0,.,0,.,0,.,0,.,0,.,21,,14,,16,,0,.,0,.,0,.,0,.
Canada,Blue shark,All,Tonnes - live weight,0,.,0,.,0,.,0,.,0,.,0,.,0,.,0,.,0,.,0,.,0,.,0,.,0,.,0,-,0,-,0,-,0,-,0,-,0,-,0,-,0,-,0,-,0,-,0,-,0,-,0,-,0,-,0,-,0,-,0,-,0,-,0,-,0,-,0,-,0,-,0,-,0,-,0,-,0,-,0,-,0,-,0,-,0,-,0,-,0,-,0,-,12,,11,,21,,54,,624,,581,,836,,346,,965,,1134,,977,,843,,0,.,0,.,0,-,0,.,1,,0,-,1,,6,,16,,32,,71,
Channel Islands,Blue shark,All,Tonnes - live weight,0,.,0,.,0,.,0,.,0,.,0,.,0,.,0,.,0,.,0,.,0,.,0,.,0,.,0,.,0,.,0,.,0,.,0,.,0,.,0,.,0,.,0,.,0,.,0,.,0,.,0,.,0,.,0,.,0,.,0,.,0,.,0,.,0,.,0,.,0,.,0,.,0,.,0,.,0,.,0,.,0,.,0,.,0,.,0,.,0,.,0,.,0,.,0,.,1,,0,0,0,-,0,-,0,-,0,-,1,,0,-,0,-,0,-,1,,0,0,0,-,0,-,0,-,0,-,0,-,0,-,0,-,0,-,0,-
Chile,Blue shark,All,Tonnes - live weight,0,.,0,.,0,.,0,.,0,.,0,.,0,.,0,.,0,.,0,.,0,.,0,.,0,.,0,.,0,.,0,.,0,.,0,.,0,.,0,.,0,.,0,.,0,.,0,.,0,.,0,.,0,.,0,.,0,.,0,.,0,.,0,.,0,.,0,.,0,.,24,,33,,88,,141,,131,,4,,212,,175,,237,,33,,39,,11,,114,,10,,7,,262,,445,,605,,448,,420,,387,,468,,474,,197,,268,,850,,209,,228,,230,,282,,239,,183,,101,,83,
China,Blue shark,All,Tonnes - live weight,0,.,0,.,0,.,0,.,0,.,0,.,0,.,0,.,0,.,0,.,0,.,0,.,0,.,0,.,0,.,0,.,0,.,0,.,0,.,0,.,0,.,0,.,0,.,0,.,0,.,0,.,0,.,0,.,0,.,0,.,0,.,0,.,0,.,0,.,0,.,0,.,0,.,0,.,0,.,0,.,0,.,0,.,0,.,0,.,0,.,0,.,0,.,0,.,0,.,0,.,0,.,750,,420,,600,,0,.,0,.,0,.,1064,,2019,,1576,,846,,1241,,1777,,1462,,572,,1017,,814,,465,,3445,
China,Oceanic whitetip shark,All,Tonnes - live weight,0,-,0,-,0,-,0,-,0,-,0,-,0,-,0,-,0,-,0,-,0,-,0,-,0,-,0,-,0,-,0,-,0,-,0,-,0,-,0,-,0,-,0,-,0,-,0,-,0,-,0,-,0,-,0,-,0,-,0,-,0,-,0,-,0,-,0,-,0,-,0,-,0,-,0,-,0,-,0,-,0,-,0,-,0,-,0,-,0,-,0,-,0,-,0,-,0,-,0,-,0,-,0,-,0,-,0,-,0,-,0,-,0,-,0,-,0,-,818,,719,,34,,8,,0,-,0,-,86,,0,.,0,.,338,
Colombia,Blue shark,All,Tonnes - live weight,0,.,0,.,0,.,0,.,0,.,0,.,0,.,0,.,0,.,0,.,0,.,0,.,0,.,0,.,0,.,0,.,0,.,0,.,0,.,0,.,0,.,0,.,0,.,0,.,0,.,0,.,0,.,0,.,0,.,0,.,0,.,0,.,0,.,0,.,0,.,0,.,0,.,0,.,0,.,0,.,0,.,0,.,0,.,0,.,0,.,0,.,0,.,0,.,0,.,0,.,0,.,0,.,0,.,0,.,0,.,0,.,0,.,0,.,0,.,0,.,0,.,0,.,0,.,0,.,0,.,0,.,3,,1,,0,0
Colombia,"Hammerhead sharks, etc. nei",All,Tonnes - live weight,0,.,0,.,0,.,0,.,0,.,0,.,0,.,0,.,0,.,0,.,0,.,0,.,0,.,0,.,0,.,0,.,0,.,0,.,0,.,0,.,0,.,0,.,0,.,0,.,0,.,0,.,0,.,0,.,0,.,0,.,0,.,0,.,0,.,0,.,0,.,0,.,0,.,0,.,0,.,0,.,0,.,0,.,0,.,0,.,0,.,0,.,0,.,0,.,0,.,0,.,0,.,0,.,0,.,0,.,0,.,0,.,0,.,0,.,0,.,0,.,0,.,0,.,0,.,0,.,0,.,0,.,8,,24,,6,
Colombia,Silky shark,All,Tonnes - live weight,0,.,0,.,0,.,0,.,0,.,0,.,0,.,0,.,0,.,0,.,0,.,0,.,0,.,0,.,0,.,0,.,0,.,0,.,0,.,0,.,0,.,0,.,0,.,0,.,0,.,0,.,0,.,0,.,0,.,0,.,0,.,0,.,0,.,0,.,0,.,0,.,0,.,0,.,0,.,0,.,0,.,0,.,0,.,0,.,0,.,0,.,0,.,0,.,0,.,0,.,0,.,0,.,0,.,0,.,0,.,0,.,0,.,0,.,0,.,0,.,0,.,0,.,0,.,0,.,0,.,0,.,11,,3,,3,
Congo,"Hammerhead sharks, etc. nei",All,Tonnes - live weight,0,.,0,.,0,.,0,.,0,.,0,.,0,.,0,.,0,.,0,.,0,.,0,.,0,.,0,.,0,.,0,.,0,.,0,.,0,.,0,.,0,.,0,.,0,.,0,.,0,.,0,.,0,.,0,.,0,.,0,.,0,.,0,.,0,.,0,.,0,.,0,.,0,.,0,.,0,.,0,.,0,.,0,.,0,.,0,.,0,.,0,.,0,.,0,.,0,.,0,.,500,F,700,F,550,F,432,,538,,1059,,594,,375,,513,,302,,401,,731,,445,,492,,659,,275,,539,,471,,626,
Cook Islands,Mako sharks,All,Tonnes - live weight,0,.,0,.,0,.,0,.,0,.,0,.,0,.,0,.,0,.,0,.,0,.,0,.,0,.,0,.,0,.,0,.,0,.,0,.,0,.,0,.,0,.,0,.,0,.,0,.,0,.,0,.,0,.,0,.,0,.,0,.,0,.,0,.,0,.,0,.,0,.,0,.,0,.,0,.,0,.,0,.,0,.,0,.,0,.,0,.,0,.,0,.,0,.,0,.,0,.,0,.,0,.,0,.,0,.,0,.,0,.,0,.,0,.,0,.,0,.,0,.,0,.,0,.,0,.,0,.,0,0,0,.,0,.,2,,0,0
Cook Islands,Silky shark,All,Tonnes - live weight,0,.,0,.,0,.,0,.,0,.,0,.,0,.,0,.,0,.,0,.,0,.,0,.,0,.,0,.,0,.,0,.,0,.,0,.,0,.,0,.,0,.,0,.,0,.,0,.,0,.,0,.,0,.,0,.,0,.,0,.,0,.,0,.,0,.,0,.,0,.,0,.,0,.,0,.,0,.,0,.,0,.,0,.,0,.,0,.,0,.,0,.,0,.,0,.,0,.,0,.,0,.,0,.,0,.,0,.,0,.,0,.,0,.,0,.,0,.,0,.,0,.,18,,17,,5,,0,0,0,.,1,,1,,3,
Cook Islands,Thresher sharks nei,All,Tonnes - live weight,0,.,0,.,0,.,0,.,0,.,0,.,0,.,0,.,0,.,0,.,0,.,0,.,0,.,0,.,0,.,0,.,0,.,0,.,0,.,0,.,0,.,0,.,0,.,0,.,0,.,0,.,0,.,0,.,0,.,0,.,0,.,0,.,0,.,0,.,0,.,0,.,0,.,0,.,0,.,0,.,0,.,0,.,0,.,0,.,0,.,0,.,0,.,0,.,0,.,0,.,0,.,0,.,0,.,0,.,0,.,0,.,0,.,0,.,0,.,0,.,0,.,1,,1,,1,,0,0,0,.,0,.,0,.,0,-
Costa Rica,Silky shark,All,Tonnes - live weight,0,-,0,-,0,-,0,-,0,-,0,-,0,-,0,-,0,-,0,-,0,-,0,-,0,-,0,-,0,-,0,-,0,-,0,-,0,-,0,-,0,-,0,-,0,-,0,-,0,-,0,-,0,-,0,-,0,-,0,-,0,-,0,-,0,-,0,-,0,-,0,-,0,-,0,-,0,-,0,-,0,-,0,-,836,,1016,,1504,,1620,,1546,,1595,,2121,,2179,,1741,,1090,,1523,,1314,,876,,866,,682,,1033,,1431,,1084,,2070,,899,,698,,1458,,1239,,1239,F,2279,,2279,F,2279,F
Curaçao,Blue shark,All,Tonnes - live weight,0,.,0,.,0,.,0,.,0,.,0,.,0,.,0,.,0,.,0,.,0,.,0,.,0,.,0,.,0,.,0,.,0,.,0,.,0,.,0,.,0,.,0,.,0,.,0,.,0,.,0,.,0,.,0,.,0,.,0,.,0,.,0,.,0,.,0,.,0,.,0,.,0,.,0,.,0,.,0,.,0,.,0,.,0,.,0,.,0,.,0,.,0,.,0,.,0,.,0,.,0,.,0,.,0,.,0,.,0,.,0,.,0,.,0,.,0,.,0,.,0,.,0,.,0,.,0,.,0,.,0,.,0,.,2,,0,.
Cyprus,Blue shark,All,Tonnes - live weight,0,.,0,.,0,.,0,.,0,.,0,.,0,.,0,.,0,.,0,.,0,.,0,.,0,.,0,.,0,.,0,.,0,.,0,.,0,.,0,.,0,.,0,.,0,.,0,.,0,.,0,.,0,.,0,.,0,.,0,.,0,.,0,.,0,.,0,.,0,.,0,.,0,.,0,.,0,.,0,.,0,.,0,.,0,.,0,.,0,.,0,.,0,.,0,.,0,.,0,.,0,.,0,.,0,.,0,.,0,.,0,.,0,.,0,.,0,.,0,.,0,.,0,.,0,.,0,.,0,.,0,.,1,,0,0,0,0
Côte d'Ivoire,Blue shark,All,Tonnes - live weight,0,.,0,.,0,.,0,.,0,.,0,.,0,.,0,.,0,.,0,.,0,.,0,.,0,.,0,.,0,.,0,.,0,.,0,.,0,.,0,.,0,.,0,.,0,.,0,.,0,.,0,.,0,.,0,.,0,.,0,.,0,.,0,.,0,.,0,.,0,.,0,.,0,.,0,.,0,.,0,.,0,.,0,.,0,.,0,.,0,.,0,.,0,.,0,.,0,.,0,.,0,.,0,.,0,.,0,.,0,.,0,.,0,.,0,.,0,-,0,-,0,.,0,-,0,-,0,-,92,,16,,9,,8,,247,
Côte d'Ivoire,"Hammerhead sharks, etc. nei",All,Tonnes - live weight,0,.,0,.,0,.,0,.,0,.,0,.,0,.,0,.,0,.,0,.,0,.,0,.,0,.,0,.,0,.,0,.,0,.,0,.,0,.,0,.,0,-,0,-,0,-,0,-,0,-,0,-,0,-,0,-,0,-,0,-,0,-,0,-,0,-,0,-,0,-,0,-,0,-,0,-,0,-,0,-,0,-,33,,69,,75,,76,,75,,66,,190,,125,,43,,34,,49,,48,,71,,32,,32,,57,,40,,8,,78,,9,,12,,10,,12,,12,,13,,12,,8,,15,
Denmark,Blue shark,All,Tonnes - live weight,0,.,0,.,0,.,0,.,0,.,0,.,0,.,0,.,0,.,0,.,0,.,0,.,0,.,0,.,0,.,0,.,0,.,0,.,0,.,0,.,0,-,0,-,0,-,0,-,0,-,0,-,0,-,0,-,0,-,0,-,8,,2,,4,,3,,3,,4,,2,,2,,1,,2,,2,,1,,1,,0,0,1,,2,,3,,1,,1,,1,,2,,1,,13,,6,,1,,0,0,1,,1,,0,-,0,-,0,-,0,-,0,0,0,-,0,0,0,-,0,-,0,-,0,-
Ecuador,Blue shark,All,Tonnes - live weight,0,.,0,.,0,.,0,.,0,.,0,.,0,.,0,.,0,.,0,.,0,.,0,.,0,.,0,.,0,.,0,.,0,.,0,.,0,.,0,.,0,.,0,.,0,.,0,.,0,.,0,.,0,.,0,.,0,.,0,.,0,.,0,.,0,.,0,.,0,.,0,.,0,.,0,.,0,.,0,.,0,.,0,.,0,.,0,.,0,.,0,.,0,.,0,.,0,.,0,.,0,.,0,.,0,.,0,.,0,.,0,.,496,,646,,832,,0,.,0,.,0,.,0,.,1895,,2532,,1718,,2281,,2382,,2307,
Ecuador,Giant manta,All,Tonnes - live weight,0,.,0,.,0,.,0,.,0,.,0,.,0,.,0,.,0,.,0,.,0,.,0,.,0,.,0,.,0,.,0,.,0,.,0,.,0,.,0,.,0,.,0,.,0,.,0,.,0,.,0,.,0,.,0,.,0,.,0,.,0,.,0,.,0,.,0,.,0,.,0,.,0,.,0,.,0,.,0,.,0,.,0,.,0,.,0,.,0,.,0,.,0,.,0,.,0,.,0,.,0,.,0,.,0,.,0,.,0,.,0,.,0,.,5,,10,,0,.,0,.,0,.,0,.,0,.,0,.,0,.,0,.,0,.,0,.
Ecuador,"Hammerhead sharks, etc. nei",All,Tonnes - live weight,0,.,0,.,0,.,0,.,0,.,0,.,0,.,0,.,0,.,0,.,0,.,0,.,0,.,0,.,0,.,0,.,0,.,0,.,0,.,0,.,0,.,0,.,0,.,0,.,0,.,0,.,0,.,0,.,0,.,0,.,0,.,0,.,0,.,0,.,0,.,0,.,0,.,0,.,0,.,0,.,0,.,344,,221,,913,,242,,201,,257,,206,,146,,66,,51,,66,,56,,76,,149,,98,,108,,47,,30,,96,,304,,0,.,0,.,0,.,3,,0,-,0,-,0,0,0,.
Ecuador,Oceanic whitetip shark,All,Tonnes - live weight,0,.,0,.,0,.,0,.,0,.,0,.,0,.,0,.,0,.,0,.,0,.,0,.,0,.,0,.,0,.,0,.,0,.,0,.,0,.,0,.,0,.,0,.,0,.,0,.,0,.,0,.,0,.,0,.,0,.,0,.,0,.,0,.,0,.,0,.,0,.,0,.,0,.,0,.,0,.,0,.,0,.,0,.,0,.,0,.,0,.,0,.,0,.,0,.,0,.,0,.,0,.,0,.,0,.,0,.,0,.,0,.,0,.,0,.,0,.,0,.,0,.,0,.,0,.,3,,4,,4,,10,,6,,0,.
Ecuador,Silky shark,All,Tonnes - live weight,0,.,0,.,0,.,0,.,0,.,0,.,0,.,0,.,0,.,0,.,0,.,0,.,0,.,0,.,0,.,0,.,0,.,0,.,0,.,0,.,0,.,0,.,0,.,0,.,0,.,0,.,0,.,0,.,0,.,0,.,0,.,0,.,0,.,0,.,0,.,0,.,0,.,0,.,0,.,0,.,0,.,0,.,0,.,0,.,0,.,0,.,0,.,0,.,0,.,0,.,0,.,0,.,0,.,0,.,0,.,0,.,0,.,373,,500,,0,.,0,.,0,.,0,.,524,,613,,432,,687,,525,,439,
Ecuador,Thresher sharks nei,All,Tonnes - live weight,0,.,0,.,0,.,0,.,0,.,0,.,0,.,0,.,0,.,0,.,0,.,0,.,0,.,0,.,0,.,0,.,0,.,0,.,0,.,0,.,0,.,0,.,0,.,0,.,0,.,0,.,0,.,0,.,0,.,0,.,0,.,0,.,0,.,0,.,0,.,0,.,0,.,0,.,0,.,0,.,0,.,1348,,1058,,1728,,1659,,1113,,510,,126,,586,,390,,519,,599,,454,,714,,487,,675,,893,,304,,0,-,1766,,3358,,0,.,0,.,3,,4,,0,.,1,,0,0,0,.
Fiji,"Hammerhead sharks, etc. nei",All,Tonnes - live weight,0,.,0,.,0,.,0,.,0,.,0,.,0,.,0,.,0,.,0,.,0,.,0,.,0,.,0,.,0,.,0,.,0,.,0,.,0,.,0,.,0,.,0,.,0,.,0,.,0,.,0,.,0,.,0,.,0,.,0,.,0,.,0,.,0,.,0,.,0,.,0,.,0,.,0,.,0,.,0,.,0,.,0,.,0,.,0,.,0,.,0,.,0,.,0,.,0,.,0,.,0,.,0,.,0,.,0,.,0,.,0,.,0,.,0,.,0,.,0,.,0,.,13,,44,,31,,0,-,0,-,0,-,1,,1,
Fiji,Oceanic whitetip shark,All,Tonnes - live weight,0,.,0,.,0,.,0,.,0,.,0,.,0,.,0,.,0,.,0,.,0,.,0,.,0,.,0,.,0,.,0,.,0,.,0,.,0,.,0,.,0,.,0,.,0,.,0,.,0,.,0,.,0,.,0,.,0,.,0,.,0,.,0,.,0,.,0,.,0,.,0,.,0,.,0,.,0,.,0,.,0,.,0,.,0,.,0,.,0,.,0,.,0,.,0,.,0,.,0,.,0,.,0,.,0,.,0,.,0,.,0,.,0,.,0,.,0,.,0,.,0,.,92,,92,,92,,1,,0,-,14,,10,,14,
Fiji,Silky shark,All,Tonnes - live weight,0,.,0,.,0,.,0,.,0,.,0,.,0,.,0,.,0,.,0,.,0,.,0,.,0,.,0,.,0,.,0,.,0,.,0,.,0,.,0,.,0,.,0,.,0,.,0,.,0,.,0,.,0,.,0,.,0,.,0,.,0,.,0,.,0,.,0,.,0,.,0,.,0,.,0,.,0,.,0,.,0,.,0,.,0,.,0,.,0,.,0,.,0,.,0,.,0,.,0,.,0,.,0,.,0,.,0,.,0,.,0,.,0,.,0,.,0,.,0,.,0,.,250,,309,,221,,1,,0,-,101,,105,,22,
Fiji,Thresher sharks nei,All,Tonnes - live weight,0,.,0,.,0,.,0,.,0,.,0,.,0,.,0,.,0,.,0,.,0,.,0,.,0,.,0,.,0,.,0,.,0,.,0,.,0,.,0,.,0,.,0,.,0,.,0,.,0,.,0,.,0,.,0,.,0,.,0,.,0,.,0,.,0,.,0,.,0,.,0,.,0,.,0,.,0,.,0,.,0,.,0,.,0,.,0,.,0,.,0,.,0,.,0,.,0,.,0,.,0,.,0,.,0,.,0,.,0,.,0,.,0,.,0,.,0,.,0,.,0,.,3,,5,,3,,0,-,0,-,0,-,0,-,1,
France,Blue shark,All,Tonnes - live weight,0,.,0,.,0,.,0,.,0,.,0,.,0,.,0,.,0,.,0,.,0,.,0,.,0,.,0,.,0,.,0,.,0,.,0,.,0,.,0,.,0,.,0,.,0,.,0,.,0,.,0,.,0,.,0,.,4,,12,,12,,0,.,9,,8,,14,,39,,50,,67,,91,,79,,130,,187,,276,,322,,350,,266,,278,,213,,163,,233,,396,,207,,112,,134,,103,,121,,134,,167,,119,,119,,124,,115,,31,,220,,143,,274,,348,,126,,114,
Ghana,Blue shark,All,Tonnes - live weight,0,.,0,.,0,.,0,.,0,.,0,.,0,.,0,.,0,.,0,.,0,.,0,.,0,.,0,.,0,.,0,.,0,.,0,.,0,.,0,.,0,.,0,.,0,.,0,.,0,.,0,.,0,.,0,.,0,.,0,.,0,.,0,.,0,.,0,.,0,.,0,.,0,.,0,.,0,.,0,.,0,.,0,.,0,.,0,.,0,.,0,.,0,.,0,.,0,.,0,.,0,.,0,.,0,.,0,.,0,.,0,.,0,.,0,.,21,,0,.,0,.,0,.,0,.,0,.,1583,,396,,436,,479,,416,
Ghana,"Hammerhead sharks, etc. nei",All,Tonnes - live weight,0,.,0,.,0,.,0,.,0,.,0,.,0,.,0,.,0,.,0,.,0,.,0,.,0,.,0,.,0,.,0,.,0,.,0,.,0,.,0,.,0,.,0,.,0,.,0,.,0,.,0,.,0,.,0,.,0,.,0,.,0,.,0,.,0,.,0,.,0,.,0,.,0,.,0,.,0,.,0,.,0,.,0,.,0,.,0,.,0,.,0,.,0,.,0,.,0,.,0,.,0,.,0,.,0,.,0,.,0,.,0,.,0,.,0,.,105,,0,.,0,.,0,.,0,.,0,.,0,.,0,.,0,.,0,.,0,.
Guatemala,Silky shark,All,Tonnes - live weight,0,.,0,.,0,.,0,.,0,.,0,.,0,.,0,.,0,.,0,.,0,.,0,.,0,.,0,.,0,.,0,.,0,.,0,.,0,.,0,.,0,.,0,.,0,.,0,.,0,.,0,.,0,.,0,.,0,.,0,.,0,.,0,.,0,.,0,.,0,.,0,.,0,.,0,.,0,.,0,.,0,.,0,.,0,.,0,.,0,.,0,.,0,.,0,.,0,.,0,.,0,.,0,.,0,.,0,.,0,.,0,.,0,.,11,,0,.,0,.,0,.,0,.,0,.,0,.,0,.,0,.,0,.,0,.,0,.
Guinea,Blue shark,All,Tonnes - live weight,0,-,0,-,0,-,0,-,0,-,0,-,0,-,0,-,0,-,0,-,0,-,0,-,0,-,0,-,0,-,0,-,0,-,0,-,0,-,0,-,0,-,0,-,0,-,0,-,0,-,0,-,0,-,0,-,0,-,0,-,0,-,0,-,0,-,0,-,0,-,0,-,0,-,0,-,0,-,0,-,0,-,0,-,0,-,0,-,0,-,0,-,0,-,0,-,0,-,0,-,0,-,128,,701,,542,,846,,1442,,397,,426,,529,,458,,337,,0,-,0,-,0,-,0,-,0,-,0,-,0,-,0,-
Guyana,"Hammerhead sharks, etc. nei",All,Tonnes - live weight,0,.,0,.,0,.,0,.,0,.,0,.,0,.,0,.,0,.,0,.,0,.,0,.,0,.,0,.,0,.,0,.,0,.,0,.,0,.,0,.,0,.,0,.,0,.,0,.,0,.,0,.,0,.,0,.,0,.,0,.,0,.,0,.,0,.,0,.,0,.,0,.,0,.,0,.,0,.,0,.,0,.,0,.,0,.,0,.,0,.,0,.,0,.,0,.,0,.,0,.,11,,0,.,4,,0,0,3,,5,,301,,0,.,0,.,0,.,0,.,0,.,0,.,0,.,0,.,0,.,0,.,0,.,0,.
Indonesia,Blue shark,All,Tonnes - live weight,47,,269,,293,,297,,367,,367,,389,,372,,371,,372,,367,,394,,488,,497,,506,,534,,617,,627,,627,,650,,569,,552,,688,,787,,902,,1303,,1452,,1717,,1878,,1577,,1757,,1970,,2638,,2585,,2679,,2228,,2312,,2356,,2900,,3194,,2496,,2953,,2702,,4024,,4438,,4543,,5255,,5495,,5325,,5569,,5850,,6075,,5611,,6139,,7622,,10365,,9850,,12273,,12702,,15342,,15840,,16431,,16500,,20356,,17446,,17209,,16502,,16381,,12341,
Indonesia,"Hammerhead sharks, etc. nei",All,Tonnes - live weight,0,0,3,,3,,3,,4,,4,,4,,4,,4,,4,,4,,4,,5,,5,,5,,5,,6,,6,,6,,7,,6,,6,,7,,8,,9,,13,,15,,18,,19,,16,,18,,20,,27,,26,,27,,220,,228,,232,,286,,315,,246,,291,,267,,397,,438,,448,,519,,542,,525,,550,,577,,599,,554,,603,,751,,1276,,981,,2411,,2658,,3255,,3617,,3657,,2182,,1973,,1560,,1652,,1492,,1510,F,1608,
Indonesia,"Mantas, devil rays nei",All,Tonnes - live weight,0,.,0,.,0,.,0,.,0,.,0,.,0,.,0,.,0,.,0,.,0,.,0,.,0,.,0,.,0,.,0,.,0,.,0,.,0,.,0,.,0,.,0,.,0,.,0,.,0,.,0,.,0,.,0,.,0,.,0,.,0,.,0,.,0,.,0,.,0,.,0,.,0,.,0,.,0,.,0,.,0,.,0,.,0,.,0,.,0,.,0,.,0,.,0,.,0,.,0,.,0,.,0,.,0,.,0,.,0,.,200,,2768,,2020,,4309,,2414,,2447,,3720,,5191,,5647,,3979,,4121,,7316,,5949,F,6226,
Indonesia,Thresher sharks nei,All,Tonnes - live weight,6,,32,,35,,35,,44,,44,,46,,44,,44,,44,,44,,47,,58,,59,,60,,64,,74,,75,,75,,77,,68,,66,,82,,94,,107,,155,,173,,205,,224,,188,,209,,235,,314,,308,,319,,606,,629,,640,,788,,868,,679,,803,,735,,1094,,1206,,1235,,1429,,1494,,1448,,1514,,1590,,1651,,1525,,1667,,2068,,10295,,16374,,11526,,6071,,9812,,14292,,21292,,12034,,13876,,12253,,4534,,4183,,4290.6,,3497,
Iran (Islamic Rep. of),Oceanic whitetip shark,All,Tonnes - live weight,0,.,0,.,0,.,0,.,0,.,0,.,0,.,0,.,0,.,0,.,0,.,0,.,0,.,0,.,0,.,0,.,0,.,0,.,0,.,0,.,0,.,0,.,0,.,0,.,0,.,0,.,0,.,0,.,0,.,0,.,0,.,0,.,0,.,0,.,0,.,0,.,0,.,0,.,0,.,0,.,0,.,0,.,0,.,0,.,0,.,0,.,0,.,0,.,0,.,0,.,0,.,0,.,0,.,0,.,0,.,0,.,0,.,0,.,0,.,0,.,0,.,0,.,192,,136,,97,,118,,39,,44,,23,
Iran (Islamic Rep. of),Silky shark,All,Tonnes - live weight,0,.,0,.,0,.,0,.,0,.,0,.,0,.,0,.,0,.,0,.,0,.,0,.,0,.,0,.,0,.,0,.,0,.,0,.,0,.,0,.,0,.,0,.,0,.,0,.,0,.,0,.,0,.,0,.,0,.,0,.,0,.,0,.,0,.,0,.,0,.,0,.,0,.,0,.,0,.,0,.,0,.,0,.,0,.,0,.,0,.,0,.,0,.,0,.,0,.,0,.,0,.,0,.,0,.,0,.,0,.,0,.,0,.,0,.,0,.,0,.,0,.,0,.,2560,,1865,,1293,,1567,,523,,586,,308,
Ireland,Blue shark,All,Tonnes - live weight,0,.,0,.,0,.,0,.,0,.,0,.,0,.,0,.,0,.,0,.,0,.,0,.,0,.,0,.,0,.,0,.,0,.,0,.,0,.,0,.,0,-,0,-,0,-,0,-,0,-,0,-,0,-,0,-,0,-,0,-,0,-,0,-,0,-,0,-,0,-,0,-,0,-,0,-,0,-,0,-,0,-,0,-,0,-,0,-,0,-,0,-,0,-,0,-,0,-,67,,31,,66,,11,,2,,0,0,0,0,0,-,0,0,0,0,0,0,0,0,1,,3,,2,,1,,3,,1,,0,-,0,0
Italy,Blue shark,All,Tonnes - live weight,0,.,0,.,0,.,0,.,0,.,0,.,0,.,0,.,0,.,0,.,0,.,0,.,0,.,0,.,0,.,0,.,0,.,0,.,0,.,0,.,0,.,0,.,0,.,0,.,0,.,0,.,0,.,0,.,0,.,0,.,0,.,0,.,0,.,0,.,0,.,0,.,0,.,0,.,0,.,0,.,0,.,0,.,0,.,0,.,0,.,0,.,0,.,0,.,0,.,0,.,0,.,0,.,0,.,0,.,113,,1,,95,,46,,75,,176,,165,,0,.,0,.,57,,173,,48,,18,,59,,17,
Kenya,Blue shark,All,Tonnes - live weight,0,.,0,.,0,.,0,.,0,.,0,.,0,.,0,.,0,.,0,.,0,.,0,.,0,.,0,.,0,.,0,.,0,.,0,.,0,.,0,.,0,.,0,.,0,.,0,.,0,.,0,.,0,.,0,.,0,.,0,.,0,.,0,.,0,.,0,.,0,.,0,.,0,.,0,.,0,.,0,.,0,.,0,.,0,.,0,.,0,.,0,.,0,.,0,.,0,.,0,.,0,.,0,.,0,.,0,.,0,.,0,.,0,.,0,.,0,.,0,.,0,.,0,-,0,-,0,-,0,-,0,-,0,-,0,-,40,
Kenya,"Hammerhead sharks, etc. nei",All,Tonnes - live weight,0,.,0,.,0,.,0,.,0,.,0,.,0,.,0,.,0,.,0,.,0,.,0,.,0,.,0,.,0,.,0,.,0,.,0,.,0,.,0,.,0,.,0,.,0,.,0,.,0,.,0,.,0,.,0,.,0,.,0,.,0,.,0,.,0,.,0,.,0,.,0,.,0,.,0,.,0,.,0,.,0,.,0,.,0,.,0,.,0,.,0,.,0,.,0,.,0,.,0,.,0,.,0,.,0,.,0,.,0,.,0,.,0,.,0,.,0,.,0,.,0,.,0,.,0,.,0,.,0,.,0,.,0,.,20,,20,F
Kenya,Silky shark,All,Tonnes - live weight,0,.,0,.,0,.,0,.,0,.,0,.,0,.,0,.,0,.,0,.,0,.,0,.,0,.,0,.,0,.,0,.,0,.,0,.,0,.,0,.,0,.,0,.,0,.,0,.,0,.,0,.,0,.,0,.,0,.,0,.,0,.,0,.,0,.,0,.,0,.,0,.,0,.,0,.,0,.,0,.,0,.,0,.,0,.,0,.,0,.,0,.,0,.,0,.,0,.,0,.,0,.,0,.,0,.,0,.,0,.,0,.,0,.,0,.,0,.,0,.,0,.,0,-,0,-,0,-,0,-,0,-,0,-,0,-,3,
Kiribati,Oceanic whitetip shark,All,Tonnes - live weight,0,.,0,.,0,.,0,.,0,.,0,.,0,.,0,.,0,.,0,.,0,.,0,.,0,.,0,.,0,.,0,.,0,.,0,.,0,.,0,.,0,.,0,.,0,.,0,.,0,.,0,.,0,.,0,.,0,.,0,.,0,.,0,.,0,.,0,.,0,.,0,.,0,.,0,.,0,.,0,.,0,.,0,.,0,.,0,.,0,.,0,.,0,.,0,.,0,.,0,.,0,.,0,.,0,.,0,.,0,.,0,.,0,.,0,.,0,.,0,.,0,.,8,,14,,14,,0,.,0,.,5,,2,,1,
Kiribati,Silky shark,All,Tonnes - live weight,0,.,0,.,0,.,0,.,0,.,0,.,0,.,0,.,0,.,0,.,0,.,0,.,0,.,0,.,0,.,0,.,0,.,0,.,0,.,0,.,0,.,0,.,0,.,0,.,0,.,0,.,0,.,0,.,0,.,0,.,0,.,0,.,0,.,0,.,0,.,0,.,0,.,0,.,0,.,0,.,0,.,0,.,0,.,0,.,0,.,0,.,0,.,0,.,0,.,0,.,0,.,0,.,0,.,0,.,0,.,0,.,0,.,0,.,0,.,0,.,0,.,0,.,0,.,0,.,0,.,0,.,101,,205,,209,
"Korea, Republic of",Blue shark,All,Tonnes - live weight,0,.,0,.,0,.,0,.,0,.,0,.,0,.,0,.,0,.,0,.,0,.,0,.,0,.,0,.,0,.,0,.,0,.,0,.,0,.,0,.,0,.,0,.,0,.,0,.,0,.,0,.,0,.,0,.,0,.,0,.,0,.,0,.,0,.,0,.,0,.,0,.,0,.,0,.,0,.,0,.,0,.,0,.,0,.,0,.,0,.,0,.,0,.,0,.,0,.,0,.,0,.,0,.,0,.,0,.,0,.,0,.,0,.,0,.,0,.,0,.,222,,662,,243,,236,,58,,89,,313,,191,,194,
Liberia,Blue shark,All,Tonnes - live weight,0,.,0,.,0,.,0,.,0,.,0,.,0,.,0,.,0,.,0,.,0,.,0,.,0,.,0,.,0,.,0,.,0,.,0,.,0,.,0,.,0,.,0,.,0,.,0,.,0,.,0,.,0,.,0,.,0,.,0,.,0,.,0,.,0,.,0,.,0,.,0,.,0,.,0,.,0,.,0,.,0,.,0,.,0,.,0,.,0,.,0,.,0,.,0,.,0,.,76,,70,,0,.,0,.,0,.,25,,0,.,0,.,0,.,0,.,0,.,0,.,0,.,0,.,0,.,0,.,0,.,0,.,76,,7,
Liberia,"Hammerhead sharks, etc. nei",All,Tonnes - live weight,0,.,0,.,0,.,0,.,0,.,0,.,0,.,0,.,0,.,0,.,0,.,0,.,0,.,0,.,0,.,0,.,0,.,0,.,0,.,0,.,0,.,0,.,0,.,0,.,0,.,0,.,0,.,0,.,0,.,0,.,0,.,0,.,0,.,0,.,0,.,0,.,0,.,0,.,0,.,0,.,0,.,0,.,0,.,0,.,0,.,0,.,0,.,0,.,0,.,127,,152,,0,.,0,.,0,.,23,,802,,100,,332,,0,.,100,F,100,F,110,F,110,F,120,F,120,F,120,F,120,F,6,,6,
Liberia,"Mantas, devil rays nei",All,Tonnes - live weight,0,.,0,.,0,.,0,.,0,.,0,.,0,.,0,.,0,.,0,.,0,.,0,.,0,.,0,.,0,.,0,.,0,.,0,.,0,.,0,.,0,.,0,.,0,.,0,.,0,.,0,.,0,.,0,.,0,.,0,.,0,.,0,.,0,.,0,.,0,.,0,.,0,.,0,.,0,.,0,.,0,.,0,.,0,.,0,.,0,.,0,.,0,.,0,0,342,,802,,931,,106,,110,,100,,802,,435,,23,,0,.,0,.,0,.,0,.,0,.,0,.,0,.,0,.,0,.,0,.,0,.,0,.
Liberia,Silky shark,All,Tonnes - live weight,0,.,0,.,0,.,0,.,0,.,0,.,0,.,0,.,0,.,0,.,0,.,0,.,0,.,0,.,0,.,0,.,0,.,0,.,0,.,0,.,0,.,0,.,0,.,0,.,0,.,0,.,0,.,0,.,0,.,0,.,0,.,0,.,0,.,0,.,0,.,0,.,0,.,0,.,0,.,0,.,0,.,0,.,0,.,0,.,0,.,0,.,0,.,0,.,0,.,110,,99,,0,.,0,.,0,.,40,,0,.,0,.,0,.,0,.,0,.,0,.,0,.,0,.,0,.,0,.,0,.,0,.,188,,85,
Libya,Blue shark,All,Tonnes - live weight,0,.,0,.,0,.,0,.,0,.,0,.,0,.,0,.,0,.,0,.,0,.,0,.,0,.,0,.,0,.,0,.,0,.,0,.,0,.,0,.,0,.,0,.,0,.,0,.,0,.,0,.,0,.,0,.,0,.,0,.,0,.,0,.,0,.,0,.,0,.,0,.,0,.,0,.,0,.,0,.,0,.,0,.,0,.,0,.,0,.,0,.,0,.,0,.,0,.,0,.,0,.,0,.,0,.,0,.,0,.,0,.,0,.,0,.,0,.,0,.,0,.,0,.,0,.,0,.,0,.,580,,650,,0,.,10,
Madagascar,Blue shark,All,Tonnes - live weight,0,.,0,.,0,.,0,.,0,.,0,.,0,.,0,.,0,.,0,.,0,.,0,.,0,.,0,.,0,.,0,.,0,.,0,.,0,.,0,.,0,.,0,.,0,.,0,.,0,.,0,.,0,.,0,.,0,.,0,.,0,.,0,.,0,.,0,.,0,.,0,.,0,.,0,.,0,.,0,.,0,.,0,.,0,.,0,.,0,.,0,.,0,.,0,.,0,.,0,.,0,.,0,.,0,.,0,.,0,.,0,.,0,.,0,.,0,.,0,.,0,.,0,.,0,.,35,,45,,39,,36,,24,,17,
Maldives,"Hammerhead sharks, etc. nei",All,Tonnes - live weight,0,.,0,.,0,.,0,.,0,.,0,.,0,.,0,.,0,.,0,.,0,.,0,.,0,.,0,.,0,.,0,.,0,.,0,.,0,.,0,.,0,.,0,.,0,.,0,.,0,.,0,.,0,.,0,.,0,.,0,.,0,.,0,.,0,.,0,.,0,.,0,.,0,.,0,.,0,.,0,.,0,.,0,.,0,.,0,.,0,.,0,.,0,.,0,.,0,.,0,.,0,.,0,.,0,.,0,.,0,.,0,.,0,.,0,.,0,.,0,.,0,.,0,.,0,.,2,,2,,0,0,0,.,0,.,0,.
Maldives,Oceanic whitetip shark,All,Tonnes - live weight,0,.,0,.,0,.,0,.,0,.,0,.,0,.,0,.,0,.,0,.,0,.,0,.,0,.,0,.,0,.,0,.,0,.,0,.,0,.,0,.,0,.,0,.,0,.,0,.,0,.,0,.,0,.,0,.,0,.,0,.,0,.,0,.,0,.,0,.,0,.,0,.,0,.,0,.,0,.,0,.,0,.,0,.,0,.,0,.,0,.,0,.,0,.,0,.,0,.,0,.,0,.,0,.,0,.,0,.,0,.,0,.,0,.,0,.,0,.,0,.,0,.,0,.,0,.,8,,8,,4,,0,.,0,.,0,.
Malta,Blue shark,All,Tonnes - live weight,0,-,0,-,0,-,0,-,0,-,0,-,0,-,0,-,0,-,0,-,0,-,0,-,0,-,0,-,0,-,0,-,0,-,0,-,0,-,0,-,0,-,0,-,0,-,0,-,0,-,0,-,0,-,0,-,0,-,0,-,0,-,0,-,0,-,0,-,0,-,0,-,0,-,0,-,0,-,0,-,0,-,0,-,0,-,0,-,0,-,0,-,0,-,0,-,0,-,0,-,0,-,0,-,0,-,0,-,0,-,1,,0,-,2,,2,,2,,1,,1,,2,,3,,4,,5,,3,,4,,2,
Mauritania,"Hammerhead sharks, etc. nei",All,Tonnes - live weight,0,.,0,.,0,.,0,.,0,.,0,.,0,.,0,.,0,.,0,.,0,.,0,.,0,.,0,.,0,.,0,.,0,.,0,.,0,.,0,.,0,.,0,.,0,.,0,.,0,.,0,.,0,.,0,.,0,.,0,.,0,.,0,.,0,.,0,.,0,.,0,.,0,.,0,.,0,.,0,.,0,.,0,.,0,.,0,.,0,.,0,.,0,.,0,.,0,.,0,.,0,.,0,.,0,.,0,.,0,.,0,.,0,.,0,.,0,.,0,.,17,,20,,23,,0,0,0,0,0,0,5,,104,,0,.
Mauritania,"Mantas, devil rays nei",All,Tonnes - live weight,0,.,0,.,0,.,0,.,0,.,0,.,0,.,0,.,0,.,0,.,0,.,0,.,0,.,0,.,0,.,0,.,0,.,0,.,0,.,0,.,0,.,0,.,0,.,0,.,0,.,0,.,0,.,0,.,0,.,0,.,0,.,0,.,0,.,0,.,0,.,0,.,0,.,0,.,0,.,0,.,0,.,0,.,0,.,0,.,0,.,0,.,0,.,0,.,0,.,0,.,0,.,0,.,0,.,0,.,0,.,0,.,0,.,0,.,0,.,0,.,0,.,11,,0,.,2,,64,,0,-,0,-,0,0,0,.
Mexico,Blue shark,All,Tonnes - live weight,0,.,0,.,0,.,0,.,0,.,0,.,0,.,0,.,0,.,0,.,0,.,0,.,0,.,0,.,0,.,0,.,0,.,0,.,0,.,0,.,0,.,0,.,0,.,0,.,0,.,0,.,0,.,0,.,0,.,0,.,0,.,0,.,0,.,0,.,0,.,0,.,0,.,0,.,0,.,0,.,0,.,0,.,0,.,0,.,0,.,0,.,0,.,0,.,0,.,0,.,0,.,0,.,0,.,0,.,0,.,1121,,1170,,2073,,3531,,3427,,4356,,3776,,4108,,4494,,5503,,4769,,4364,,5294,,4888,
Mexico,"Hammerhead sharks, etc. nei",All,Tonnes - live weight,0,.,0,.,0,.,0,.,0,.,0,.,0,.,0,.,0,.,0,.,0,.,0,.,0,.,0,.,0,.,0,.,0,.,0,.,0,.,0,.,0,.,0,.,0,.,0,.,0,.,0,.,0,.,0,.,0,.,0,.,0,.,0,.,0,.,0,.,0,.,0,.,0,.,0,.,0,.,0,.,0,.,0,.,0,.,0,.,0,.,0,.,0,.,0,.,0,.,0,.,0,.,0,.,0,.,0,.,0,.,246,,257,,227,,219,,213,,257,,172,,234,,457,,1251,,2110,,5524,,2342,,6187,
"Micronesia, Fed.States of",Oceanic whitetip shark,All,Tonnes - live weight,0,.,0,.,0,.,0,.,0,.,0,.,0,.,0,.,0,.,0,.,0,.,0,.,0,.,0,.,0,.,0,.,0,.,0,.,0,.,0,.,0,.,0,.,0,.,0,.,0,.,0,.,0,.,0,.,0,.,0,.,0,.,0,.,0,.,0,.,0,.,0,.,0,.,0,.,0,.,0,.,0,.,0,.,0,.,0,.,0,.,0,.,0,.,0,.,0,.,0,.,0,.,0,.,0,.,0,.,0,.,0,.,0,.,0,.,0,.,0,.,0,.,188,,134,,60,,0,.,0,.,0,.,100,,1,
"Micronesia, Fed.States of",Silky shark,All,Tonnes - live weight,0,.,0,.,0,.,0,.,0,.,0,.,0,.,0,.,0,.,0,.,0,.,0,.,0,.,0,.,0,.,0,.,0,.,0,.,0,.,0,.,0,.,0,.,0,.,0,.,0,.,0,.,0,.,0,.,0,.,0,.,0,.,0,.,0,.,0,.,0,.,0,.,0,.,0,.,0,.,0,.,0,.,0,.,0,.,0,.,0,.,0,.,0,.,0,.,0,.,0,.,0,.,0,.,0,.,0,.,0,.,0,.,0,.,0,.,0,.,0,.,0,.,322,,230,,160,,0,.,0,.,69,,254,,130,
"Micronesia, Fed.States of",Thresher sharks nei,All,Tonnes - live weight,0,.,0,.,0,.,0,.,0,.,0,.,0,.,0,.,0,.,0,.,0,.,0,.,0,.,0,.,0,.,0,.,0,.,0,.,0,.,0,.,0,.,0,.,0,.,0,.,0,.,0,.,0,.,0,.,0,.,0,.,0,.,0,.,0,.,0,.,0,.,0,.,0,.,0,.,0,.,0,.,0,.,0,.,0,.,0,.,0,.,0,.,0,.,0,.,0,.,0,.,0,.,0,.,0,.,0,.,0,.,0,.,0,.,0,.,0,.,0,.,0,.,57,,41,,31,,0,.,0,.,1,,1,,1,
Mozambique,Blue shark,All,Tonnes - live weight,0,-,0,-,0,-,0,-,0,-,0,-,0,-,0,-,0,-,0,-,0,-,0,-,0,-,0,-,0,-,0,-,0,-,0,-,0,-,0,-,0,-,0,-,0,-,0,-,0,-,0,-,0,-,0,-,0,-,0,-,0,-,0,-,0,-,0,-,0,-,0,-,0,-,0,-,0,-,0,-,0,-,0,-,0,-,0,-,0,-,0,-,0,-,0,-,0,-,0,-,0,-,0,-,0,-,0,-,0,-,0,-,0,.,0,.,0,.,0,.,186,,168,,168,,0,-,0,-,14,,1,,0,-,0,0
Mozambique,"Hammerhead sharks, etc. nei",All,Tonnes - live weight,0,.,0,.,0,.,0,.,0,.,0,.,0,.,0,.,0,.,0,.,0,.,0,.,0,.,0,.,0,.,0,.,0,.,0,.,0,.,0,.,0,.,0,.,0,.,0,.,0,.,0,.,0,.,0,.,0,.,0,.,0,.,0,.,0,.,0,.,0,.,0,.,0,.,0,.,0,.,0,.,0,.,0,.,0,.,0,.,0,.,0,.,0,.,0,.,0,.,0,.,0,.,0,.,0,.,0,.,0,.,0,.,0,.,0,.,0,.,0,.,0,.,0,-,0,-,0,-,0,-,1,,839,,1654,,0,-
Mozambique,Oceanic whitetip shark,All,Tonnes - live weight,0,-,0,-,0,-,0,-,0,-,0,-,0,-,0,-,0,-,0,-,0,-,0,-,0,-,0,-,0,-,0,-,0,-,0,-,0,-,0,-,0,-,0,-,0,-,0,-,0,-,0,-,0,-,0,-,0,-,0,-,0,-,0,-,0,-,0,-,0,-,0,-,0,-,0,-,0,-,0,-,0,-,0,-,0,-,0,-,0,-,0,-,0,-,0,-,0,-,0,-,0,-,0,-,0,-,0,-,0,-,0,-,0,.,0,.,0,.,0,.,6,,6,,6,,0,.,0,.,0,.,0,.,0,.,0,.
Mozambique,Silky shark,All,Tonnes - live weight,0,-,0,-,0,-,0,-,0,-,0,-,0,-,0,-,0,-,0,-,0,-,0,-,0,-,0,-,0,-,0,-,0,-,0,-,0,-,0,-,0,-,0,-,0,-,0,-,0,-,0,-,0,-,0,-,0,-,0,-,0,-,0,-,0,-,0,-,0,-,0,-,0,-,0,-,0,-,0,-,0,-,0,-,0,-,0,-,0,-,0,-,0,-,0,-,0,-,0,-,0,-,0,-,0,-,0,-,0,-,0,-,0,.,0,.,0,.,0,.,4,,4,,4,,0,.,0,.,0,.,0,.,0,.,0,.
Namibia,Blue shark,All,Tonnes - live weight,0,-,0,-,0,-,0,-,0,-,0,-,0,-,0,-,0,-,0,-,0,-,0,-,0,-,0,-,0,-,0,-,0,.,0,.,0,.,0,.,0,.,0,.,0,.,0,.,0,.,0,.,0,.,0,.,0,.,0,.,0,.,0,.,0,.,0,.,0,.,0,.,0,.,0,.,0,.,0,.,0,.,0,.,0,.,0,.,0,.,0,.,0,.,0,.,0,.,0,.,0,.,0,.,794,,117,,1906,,2757,,4410,,3948,,1829,,1359,,2352,,377,,1439,,1147,,2471,,2137,,2775,,1357,,3290,
Namibia,"Hammerhead sharks, etc. nei",All,Tonnes - live weight,0,-,0,-,0,-,0,-,0,-,0,-,0,-,0,-,0,-,0,-,0,-,0,-,0,-,0,-,0,-,0,-,0,.,0,.,0,.,0,.,0,.,0,.,0,.,0,.,0,.,0,.,0,.,0,.,0,.,0,.,0,.,0,.,0,.,0,.,0,.,0,.,0,.,0,.,0,.,0,.,0,.,0,.,0,.,0,.,0,.,0,.,0,.,0,.,0,.,0,.,0,.,0,.,0,.,0,.,1,,22,,55,,31,,25,,0,.,0,.,32,,0,0,4,,4,,0,0,0,0,0,-,0,-
Namibia,Thresher sharks nei,All,Tonnes - live weight,0,-,0,-,0,-,0,-,0,-,0,-,0,-,0,-,0,-,0,-,0,-,0,-,0,-,0,-,0,-,0,-,0,.,0,.,0,.,0,.,0,.,0,.,0,.,0,.,0,.,0,.,0,.,0,.,0,.,0,.,0,.,0,.,0,.,0,.,0,.,0,.,0,.,0,.,0,.,0,.,0,.,0,.,0,.,0,.,0,.,0,.,0,.,0,.,0,.,0,.,0,.,0,.,2,,0,.,18,,17,,6,,25,,3,,20,,9,,17,,42,,14,,9,,11,,13,,0,-,0,-
Netherlands,Blue shark,All,Tonnes - live weight,0,-,0,-,0,-,0,-,0,-,0,-,0,-,0,-,0,-,0,-,0,-,0,-,0,-,0,-,0,-,0,-,0,-,0,-,0,-,0,-,0,-,0,-,0,-,0,-,0,-,0,-,0,-,0,-,0,-,0,-,0,-,0,-,0,-,0,-,0,-,0,-,0,-,0,-,0,-,0,-,0,-,0,-,0,-,0,-,0,-,0,-,0,-,0,-,0,-,0,-,0,-,0,-,0,-,0,-,0,-,0,-,0,-,1,,0,-,1,,0,-,0,-,0,-,0,-,0,-,0,-,0,-,0,-,0,-
New Zealand,Blue shark,All,Tonnes - live weight,0,.,0,.,0,.,0,.,0,.,0,.,0,.,0,.,0,.,0,.,0,.,0,.,0,.,0,.,0,.,0,.,0,.,0,.,0,.,0,.,0,.,0,.,0,.,0,.,0,.,0,.,0,.,0,.,0,.,0,.,0,.,0,.,0,.,0,.,0,.,0,.,0,.,0,.,0,.,0,.,0,.,0,.,0,.,0,.,0,.,111,,246,,120,,540,,593,,1169,,1328,,1186,,844,,651,,833,,619,,806,,712,,799,,688,,789,,985,,661,,106,,148,,172,,119,,119,
Other nei,Blue shark,All,Tonnes - live weight,0,-,0,-,0,-,0,-,0,-,0,-,0,-,0,-,0,-,0,-,0,-,0,-,0,-,0,-,0,-,0,-,0,-,0,-,0,-,0,-,0,-,0,-,0,-,0,-,0,-,0,-,0,-,0,-,0,-,0,-,0,-,0,-,0,-,0,-,0,-,0,-,0,-,0,-,0,-,0,-,0,-,0,-,0,-,0,-,0,-,0,-,0,-,0,-,0,-,0,-,0,-,68,,469,,884,,3688,,3046,,536,,428,,48,,785,,1558,,291,,435,,340,,162,,231,,372,,0,-,0,-
Pakistan,Silky shark,All,Tonnes - live weight,0,-,0,-,0,-,0,-,0,-,0,-,0,-,0,-,0,-,0,-,0,-,0,-,0,-,0,-,0,-,0,-,0,-,0,-,0,-,0,-,0,-,0,-,0,-,0,-,0,-,0,-,0,-,0,-,0,-,0,-,0,-,0,-,0,-,0,-,0,-,0,-,0,-,79,,99,,95,,91,,109,,90,,87,,82,,87,,92,,105,,103,,134,,119,,154,,149,,145,,159,,152,,155,,161,,154,,159,,192,,194,,198,,211,,214,,244,,310,,321,,318,
Pakistan,Spinetail mobula,All,Tonnes - live weight,0,.,0,.,0,.,0,.,0,.,0,.,0,.,0,.,0,.,0,.,0,.,0,.,0,.,0,.,0,.,0,.,0,.,0,.,0,.,0,.,0,.,0,.,0,.,0,.,0,.,0,.,0,.,0,.,0,.,0,.,0,.,0,.,0,.,0,.,0,.,0,.,0,.,0,.,0,.,0,.,0,.,0,.,0,.,0,.,0,.,0,.,0,.,0,.,0,.,0,.,0,.,0,.,0,.,0,.,0,.,0,.,0,.,0,.,0,.,50,,52,,57,,66,,87,,75,,87,,101,,51,,41,
Panama,Blue shark,All,Tonnes - live weight,0,.,0,.,0,.,0,.,0,.,0,.,0,.,0,.,0,.,0,.,0,.,0,.,0,.,0,.,0,.,0,.,0,.,0,.,0,.,0,.,0,.,0,.,0,.,0,.,0,.,0,.,0,.,0,.,0,.,0,.,0,.,0,.,0,.,0,.,0,.,0,.,0,.,0,.,0,.,0,.,0,.,0,.,0,.,0,.,0,.,0,.,0,.,0,.,0,.,177,,22,,0,.,0,.,0,.,0,.,0,.,254,,892,,1134,,1574,,0,.,0,-,0,-,289,,153,,0,-,262,,1,,437,
Papua New Guinea,Oceanic whitetip shark,All,Tonnes - live weight,0,.,0,.,0,.,0,.,0,.,0,.,0,.,0,.,0,.,0,.,0,.,0,.,0,.,0,.,0,.,0,.,0,.,0,.,0,.,0,.,0,.,0,.,0,.,0,.,0,.,0,.,0,.,0,.,0,.,0,.,0,.,0,.,0,.,0,.,0,.,0,.,0,.,0,.,0,.,0,.,0,.,0,.,0,.,0,.,0,.,0,.,0,.,0,.,0,.,0,.,0,.,0,.,0,.,0,.,0,.,0,.,0,.,0,.,0,.,0,.,0,.,15,,21,,21,,21,,1,,6,,0,-,5,
Papua New Guinea,Silky shark,All,Tonnes - live weight,0,.,0,.,0,.,0,.,0,.,0,.,0,.,0,.,0,.,0,.,0,.,0,.,0,.,0,.,0,.,0,.,0,.,0,.,0,.,0,.,0,.,0,.,0,.,0,.,0,.,0,.,0,.,0,.,0,.,0,.,0,.,0,.,0,.,0,.,0,.,0,.,0,.,0,.,0,.,0,.,0,.,0,.,0,.,0,.,0,.,0,.,0,.,0,.,0,.,0,.,0,.,0,.,0,.,0,.,0,.,0,.,0,.,0,.,0,.,0,.,0,.,148,,215,,215,,215,,0,-,662,,647,,248,
Papua New Guinea,Thresher sharks nei,All,Tonnes - live weight,0,.,0,.,0,.,0,.,0,.,0,.,0,.,0,.,0,.,0,.,0,.,0,.,0,.,0,.,0,.,0,.,0,.,0,.,0,.,0,.,0,.,0,.,0,.,0,.,0,.,0,.,0,.,0,.,0,.,0,.,0,.,0,.,0,.,0,.,0,.,0,.,0,.,0,.,0,.,0,.,0,.,0,.,0,.,0,.,0,.,0,.,0,.,0,.,0,.,0,.,0,.,0,.,0,.,0,.,0,.,0,.,0,.,0,.,0,.,0,.,0,.,0,-,1,,1,,1,,0,-,0,-,1,,0,0
Peru,Blue shark,All,Tonnes - live weight,0,.,0,.,0,.,0,.,0,.,0,.,0,.,0,.,0,.,0,.,0,.,0,.,0,.,0,.,0,.,0,.,0,.,0,.,0,.,0,.,0,.,0,.,0,.,0,.,0,.,0,.,0,.,0,.,0,.,0,.,0,.,0,.,0,.,0,.,0,.,0,.,0,.,0,.,0,.,0,.,0,.,0,.,0,.,0,.,0,.,0,.,0,.,0,.,0,.,0,.,0,.,0,.,0,.,0,.,0,.,0,.,0,.,0,.,0,.,0,.,0,.,0,.,0,.,0,.,0,.,0,.,0,.,578,,798,
Peru,Giant manta,All,Tonnes - live weight,0,.,0,.,0,.,0,.,0,.,0,.,0,.,0,.,0,.,0,.,0,.,0,.,0,.,0,.,0,.,0,.,0,.,0,.,0,.,0,.,0,.,0,.,0,.,0,.,0,.,0,.,0,.,0,.,0,.,0,.,0,.,0,.,0,.,0,.,0,.,0,.,0,.,0,.,0,.,0,.,0,.,0,.,0,.,0,.,0,.,0,.,0,.,0,.,0,.,0,.,0,.,0,.,0,.,0,.,0,.,0,.,0,.,0,.,0,.,0,.,0,.,0,.,0,.,0,.,0,.,0,.,0,.,201,,177,
Peru,Mobula nei,All,Tonnes - live weight,0,.,0,.,0,.,0,.,0,.,0,.,0,.,0,.,0,.,0,.,0,.,0,.,0,.,0,.,0,.,0,.,0,.,0,.,0,.,0,.,0,.,0,.,0,.,0,.,0,.,0,.,0,.,0,.,0,.,0,.,0,.,0,.,0,.,0,.,0,.,0,.,0,.,0,.,0,.,0,.,0,.,0,.,0,.,0,.,0,.,0,.,0,.,0,.,0,.,0,.,0,.,0,.,0,.,0,.,0,.,0,.,0,.,0,.,0,.,0,.,0,.,0,.,0,.,0,.,0,.,0,.,0,.,0,.,49,
Philippines,Blue shark,All,Tonnes - live weight,0,.,0,.,0,.,0,.,0,.,0,.,0,.,0,.,0,.,0,.,0,.,0,.,0,.,0,.,0,.,0,.,0,.,0,.,0,.,0,.,0,.,0,.,0,.,0,.,0,.,0,.,0,.,0,.,0,.,0,.,0,.,0,.,0,.,0,.,0,.,0,.,0,.,0,.,0,.,0,.,0,.,0,.,0,.,0,.,0,.,0,.,0,.,0,.,0,.,0,.,0,.,0,.,0,.,0,.,0,.,0,.,0,-,0,-,0,-,0,-,0,-,0,-,2,,53,,1,,0,-,0,-,0,-,0,-
Portugal,Blue shark,All,Tonnes - live weight,0,.,0,.,0,.,0,.,0,.,0,.,0,.,0,.,0,.,0,.,0,.,0,.,0,.,0,.,0,.,0,.,0,.,0,.,0,.,0,.,0,.,0,.,0,.,0,.,0,.,0,.,0,.,0,.,0,.,0,.,0,.,0,.,0,.,0,.,0,.,0,.,0,.,0,.,0,.,0,.,0,.,0,.,0,.,0,.,0,.,21,,0,.,0,.,85,,1389,,4195,,4663,,4575,,5608,,5153,,8371,,9416,,12034,,11902,,11976,,14366,,14073,,9656,,6948,,8791,,9727,,15664,,15066,,14276,
Portugal,"Hammerhead sharks, etc. nei",All,Tonnes - live weight,0,-,0,-,0,-,0,-,0,-,0,-,0,-,0,-,0,-,0,-,0,-,0,-,0,-,0,-,0,-,0,-,0,-,0,-,0,-,0,-,0,-,0,-,0,-,0,-,0,-,0,-,0,-,0,-,0,-,0,-,0,-,0,-,0,-,0,-,0,-,0,-,0,-,0,-,0,-,0,-,0,-,0,-,0,-,0,-,0,-,0,-,0,-,0,-,0,-,0,-,0,-,0,-,0,-,0,-,0,-,0,.,3,,2,,2,,1,,2,,0,.,0,.,0,.,0,.,0,.,0,.,0,.,0,.
Portugal,Oceanic whitetip shark,All,Tonnes - live weight,0,-,0,-,0,-,0,-,0,-,0,-,0,-,0,-,0,-,0,-,0,-,0,-,0,-,0,-,0,-,0,-,0,-,0,-,0,-,0,-,0,-,0,-,0,-,0,-,0,-,0,-,0,-,0,-,0,-,0,-,0,-,0,-,0,-,0,-,0,-,0,-,0,-,0,-,0,-,0,-,0,-,0,-,0,-,0,-,0,-,0,-,0,-,0,-,0,-,0,-,0,-,0,-,0,-,0,-,0,-,0,.,0,.,0,0,2,,0,.,11,,0,.,0,.,0,.,0,.,0,.,0,.,0,.,0,0
Portugal,Silky shark,All,Tonnes - live weight,0,-,0,-,0,-,0,-,0,-,0,-,0,-,0,-,0,-,0,-,0,-,0,-,0,-,0,-,0,-,0,-,0,-,0,-,0,-,0,-,0,-,0,-,0,-,0,-,0,-,0,-,0,-,0,-,0,-,0,-,0,-,0,-,0,-,0,-,0,-,0,-,0,-,0,-,0,-,0,-,0,-,0,-,0,-,0,-,0,-,0,-,0,-,0,-,0,-,0,-,0,-,0,-,0,-,0,-,0,-,1,,4,,9,,2,,54,,35,,76,,7,,0,.,0,.,0,.,0,.,0,.,1,
Russian Federation,Blue shark,All,Tonnes - live weight,0,.,0,.,0,.,0,.,0,.,0,.,0,.,0,.,0,.,0,.,0,.,0,.,0,.,0,.,0,.,0,.,0,.,0,.,0,.,0,.,0,.,0,.,0,.,0,.,0,.,0,.,0,.,0,.,0,.,0,.,0,.,0,.,0,.,0,.,0,.,0,.,0,.,0,.,0,-,0,-,0,-,0,-,0,-,0,-,0,-,0,-,0,-,0,-,0,-,0,-,0,-,0,-,0,-,0,-,0,-,1,,0,-,0,-,0,-,0,-,0,-,0,-,0,-,0,-,0,-,0,-,0,-,0,-,0,-
Senegal,Blue shark,All,Tonnes - live weight,0,.,0,.,0,.,0,.,0,.,0,.,0,.,0,.,0,.,0,.,0,.,0,.,0,.,0,.,0,.,0,.,0,.,0,.,0,.,0,.,0,.,0,.,0,.,0,.,0,.,0,.,0,.,0,.,0,.,0,.,0,.,0,.,0,.,0,.,0,.,0,.,0,.,0,.,0,.,0,.,0,.,0,.,0,.,0,.,0,.,0,.,0,.,0,.,0,.,0,.,0,.,0,.,456,,0,.,0,.,0,.,0,.,43,,134,,255,,56,,204,,56,,72,,17,,30,,18,,15,,1,
Senegal,"Hammerhead sharks, etc. nei",All,Tonnes - live weight,0,.,0,.,0,.,0,.,0,.,0,.,0,.,0,.,0,.,0,.,0,.,0,.,0,.,0,.,0,.,0,.,0,.,0,.,0,.,0,.,0,-,0,-,0,-,0,-,0,-,0,-,0,-,0,-,0,-,0,-,0,-,0,-,0,-,0,-,0,-,0,-,0,-,0,-,0,-,0,-,0,-,0,-,0,-,0,-,0,-,0,-,0,-,0,-,156,,20,,1305,,1451,,1428,,1100,,0,.,325,,1794,,2259,,1123,,38,,1031,,919,,567,,702,,1865,,1521,,551,,669,,726,
Seychelles,Blue shark,All,Tonnes - live weight,0,.,0,.,0,.,0,.,0,.,0,.,0,.,0,.,0,.,0,.,0,.,0,.,0,.,0,.,0,.,0,.,0,.,0,.,0,.,0,.,0,.,0,.,0,.,0,.,0,.,0,.,0,.,0,.,0,.,0,.,0,.,0,.,0,.,0,.,0,.,0,.,0,.,0,.,0,.,0,.,0,.,0,.,0,.,0,.,0,.,0,.,0,.,0,.,0,.,0,.,0,.,0,.,0,.,0,.,0,.,0,.,0,.,3,,2,,27,,128,,190,,258,,254,,426,,319,,391,,502,,820,
Solomon Islands,Oceanic whitetip shark,All,Tonnes - live weight,0,.,0,.,0,.,0,.,0,.,0,.,0,.,0,.,0,.,0,.,0,.,0,.,0,.,0,.,0,.,0,.,0,.,0,.,0,.,0,.,0,.,0,.,0,.,0,.,0,.,0,.,0,.,0,.,0,.,0,.,0,.,0,.,0,.,0,.,0,.,0,.,0,.,0,.,0,.,0,.,0,.,0,.,0,.,0,.,0,.,0,.,0,.,0,.,0,.,0,.,0,.,0,.,0,.,0,.,0,.,0,.,0,.,0,.,0,.,0,.,0,.,0,-,0,-,0,-,0,-,0,-,0,-,0,-,2,
Solomon Islands,Silky shark,All,Tonnes - live weight,0,.,0,.,0,.,0,.,0,.,0,.,0,.,0,.,0,.,0,.,0,.,0,.,0,.,0,.,0,.,0,.,0,.,0,.,0,.,0,.,0,.,0,.,0,.,0,.,0,.,0,.,0,.,0,.,0,.,0,.,0,.,0,.,0,.,0,.,0,.,0,.,0,.,0,.,0,.,0,.,0,.,0,.,0,.,0,.,0,.,0,.,0,.,0,.,0,.,0,.,0,.,0,.,0,.,0,.,0,.,0,.,0,.,0,.,0,.,0,.,0,.,0,-,0,-,0,-,17,,1,,128,,0,-,80,
Solomon Islands,Thresher sharks nei,All,Tonnes - live weight,0,.,0,.,0,.,0,.,0,.,0,.,0,.,0,.,0,.,0,.,0,.,0,.,0,.,0,.,0,.,0,.,0,.,0,.,0,.,0,.,0,.,0,.,0,.,0,.,0,.,0,.,0,.,0,.,0,.,0,.,0,.,0,.,0,.,0,.,0,.,0,.,0,.,0,.,0,.,0,.,0,.,0,.,0,.,0,.,0,.,0,.,0,.,0,.,0,.,0,.,0,.,0,.,0,.,0,.,0,.,0,.,0,.,0,.,0,.,0,.,0,.,0,-,0,-,0,-,0,-,0,-,0,-,0,-,1,
South Africa,Blue shark,All,Tonnes - live weight,0,.,0,.,0,.,0,.,0,.,0,.,0,.,0,.,0,.,0,.,0,.,0,.,0,.,0,.,0,.,0,.,0,.,0,.,0,.,0,.,0,.,0,.,0,.,0,.,0,.,0,.,0,.,0,.,0,.,0,.,0,.,0,.,0,.,0,.,0,.,0,.,0,.,0,.,0,.,0,.,0,.,0,.,0,.,0,.,0,.,0,.,0,.,0,0,29,,26,,6,,86,,107,,321,,227,,279,,174,,228,,211,,298,,390,,471,,420,,437,,730,,604,,675,,631,,762,
Spain,Blue shark,All,Tonnes - live weight,0,.,0,.,0,.,0,.,0,.,0,.,0,.,0,.,0,.,0,.,0,.,0,.,0,.,0,.,0,.,0,.,0,.,0,.,0,.,0,.,0,.,0,.,0,.,0,.,0,.,0,.,0,.,0,.,0,.,0,.,0,.,0,.,0,.,0,.,0,.,0,.,0,.,0,.,0,.,0,.,0,.,0,.,0,.,0,.,0,.,0,.,0,.,29917,,28951,,31884,,34124,,26326,,25473,,28372,,30917,,26384,,29688,,31822,,36850,,43510,,59100,,79604,,89020,,89483,,68927,,54403,,52783,,49734,,45133,
Spain,"Hammerhead sharks, etc. nei",All,Tonnes - live weight,0,.,0,.,0,.,0,.,0,.,0,.,0,.,0,.,0,.,0,.,0,.,0,.,0,.,0,.,0,.,0,.,0,.,0,.,0,.,0,.,0,.,0,.,0,.,0,.,0,.,0,.,0,.,0,.,0,.,0,.,0,.,0,.,0,.,0,.,0,.,0,.,0,.,0,.,0,.,0,.,0,.,0,.,0,.,0,.,0,.,0,.,0,.,808,,746,,12,,0,.,9,,15,,9,,243,,271,,189,,230,,107,,132,,0,0,2,,0,-,0,-,0,-,0,-,0,-,0,-,0,-
Spain,Mako sharks,All,Tonnes - live weight,0,-,0,-,0,-,0,-,0,-,0,-,0,-,0,-,0,-,0,-,0,-,0,-,0,-,0,-,0,-,0,-,0,-,0,-,0,-,0,-,0,-,0,-,0,-,0,-,0,-,0,-,0,-,0,-,0,-,0,-,0,-,0,-,0,-,0,-,0,-,0,-,0,-,0,-,0,-,0,-,0,-,0,-,0,-,0,-,0,-,0,-,0,-,0,-,0,-,0,-,0,-,0,-,0,-,0,-,0,-,0,-,2,,0,-,0,-,0,-,0,-,0,-,0,-,0,-,0,-,0,-,0,-,0,-,0,-
Spain,Silky shark,All,Tonnes - live weight,0,.,0,.,0,.,0,.,0,.,0,.,0,.,0,.,0,.,0,.,0,.,0,.,0,.,0,.,0,.,0,.,0,.,0,.,0,.,0,.,0,-,0,-,0,-,0,-,0,-,0,-,0,-,0,-,0,-,0,-,0,-,0,-,0,-,0,-,0,-,0,-,0,-,0,-,0,-,0,-,0,-,0,-,0,-,0,-,0,-,0,-,0,-,2,,11,,0,.,0,.,0,.,31,,4,,16,,27,,24,,39,,21,,24,,97,,86,,15,,0,0,0,0,0,-,0,-,0,-,0,-
Spain,Thresher sharks nei,All,Tonnes - live weight,0,.,0,.,0,.,0,.,0,.,0,.,0,.,0,.,0,.,0,.,0,.,0,.,0,.,0,.,0,.,0,.,0,.,0,.,0,.,0,.,0,.,0,.,0,.,0,.,0,.,0,.,0,.,0,.,0,.,0,.,0,.,0,.,0,.,0,.,0,.,0,.,0,.,0,.,0,.,0,.,0,.,0,.,0,.,0,.,0,.,0,.,0,.,34,,55,,66,,0,.,0,.,0,.,0,.,1,,0,0,0,0,0,-,8,,4,,0,0,0,-,0,-,0,-,0,-,0,0,0,-,0,-,0,0
Sri Lanka,Blue shark,All,Tonnes - live weight,0,.,0,.,0,.,0,.,0,.,0,.,0,.,0,.,0,.,0,.,0,.,0,.,0,.,0,.,0,.,0,.,0,.,0,.,0,.,0,.,0,.,0,.,0,.,0,.,0,.,0,.,0,.,0,.,0,.,0,.,0,.,0,.,0,.,0,.,0,.,0,.,0,.,0,.,0,.,0,.,322,,417,,608,,911,,1467,,1544,,1393,,2222,,1930,,2873,,2411,,1406,,902,,1409,,747,,311,,246,,180,,167,,187,,519,,470,,284,,183,,199,,190,,568,,740,,1028,
Sri Lanka,"Hammerhead sharks, etc. nei",All,Tonnes - live weight,0,.,0,.,0,.,0,.,0,.,0,.,0,.,0,.,0,.,0,.,0,.,0,.,0,.,0,.,0,.,0,.,0,.,0,.,0,.,0,.,0,.,0,.,0,.,0,.,0,.,0,.,0,.,0,.,0,.,0,.,0,.,0,.,0,.,0,.,0,.,0,.,0,.,0,.,0,.,0,.,75,,98,,141,,213,,342,,360,,324,,517,,450,,670,,562,,327,,210,,328,,173,,73,,57,,42,,39,,44,,121,,110,,71,,188,,43,,87,,90,,129,,18,
Sri Lanka,"Mantas, devil rays nei",All,Tonnes - live weight,0,-,0,-,0,-,0,-,0,-,0,-,0,-,0,-,0,-,0,-,0,-,0,-,0,-,0,-,0,-,0,-,0,-,0,-,0,-,0,-,0,-,0,-,0,-,0,-,0,-,0,-,0,-,0,-,0,-,0,-,0,-,0,-,0,-,0,-,0,-,0,-,0,-,0,-,0,-,0,-,0,-,0,-,0,-,0,-,0,-,0,-,0,-,0,-,0,-,0,-,0,-,0,-,0,-,0,-,0,-,0,-,0,-,0,-,0,-,0,-,0,-,0,-,744,,669,,608,,682,,767,,1269,,991,
Sri Lanka,Oceanic whitetip shark,All,Tonnes - live weight,0,.,0,.,0,.,0,.,0,.,0,.,0,.,0,.,0,.,0,.,0,.,0,.,0,.,0,.,0,.,0,.,0,.,0,.,0,.,0,.,0,.,0,.,0,.,0,.,0,.,0,.,0,.,0,.,0,.,0,.,0,.,0,.,0,.,0,.,0,.,0,.,0,.,0,.,0,.,0,.,105,,137,,199,,299,,482,,507,,457,,730,,634,,944,,792,,462,,296,,462,,245,,102,,81,,59,,55,,62,,170,,154,,149,,41,,80,,89,,0,.,0,.,0,.
Sri Lanka,Silky shark,All,Tonnes - live weight,0,.,0,.,0,.,0,.,0,.,0,.,0,.,0,.,0,.,0,.,0,.,0,.,0,.,0,.,0,.,0,.,0,.,0,.,0,.,0,.,0,.,0,.,0,.,0,.,0,.,0,.,0,.,0,.,0,.,0,.,0,.,0,.,0,.,0,.,0,.,0,.,0,.,0,.,0,.,0,.,2761,,3569,,5206,,7809,,12566,,13224,,11928,,19030,,16528,,24605,,20651,,12041,,7719,,12068,,6397,,2661,,2111,,1538,,1425,,1603,,4446,,4025,,1138,,1247,,1122,,753,,647,,623,,704,
Sri Lanka,Thresher sharks nei,All,Tonnes - live weight,0,.,0,.,0,.,0,.,0,.,0,.,0,.,0,.,0,.,0,.,0,.,0,.,0,.,0,.,0,.,0,.,0,.,0,.,0,.,0,.,0,.,0,.,0,.,0,.,0,.,0,.,0,.,0,.,0,.,0,.,0,.,0,.,0,.,0,.,0,.,0,.,0,.,0,.,0,.,0,.,122,,159,,232,,348,,558,,588,,530,,844,,734,,1092,,917,,535,,344,,536,,284,,118,,94,,69,,64,,71,,197,,179,,793,,0,.,0,.,0,.,0,.,0,.,0,.
St. Pierre and Miquelon,Blue shark,All,Tonnes - live weight,0,-,0,-,0,-,0,-,0,-,0,-,0,-,0,-,0,-,0,-,0,-,0,-,0,-,0,-,0,-,0,-,0,-,0,-,0,-,0,-,0,-,0,-,0,-,0,-,0,-,0,-,0,-,0,-,0,-,0,-,0,-,0,-,0,-,0,-,0,-,0,-,0,-,0,-,0,-,0,-,0,-,0,-,0,-,0,-,0,-,0,-,0,-,0,-,0,-,0,-,0,-,0,-,0,-,0,-,0,-,0,-,0,-,0,-,0,-,1,,0,-,0,-,0,-,0,-,0,0,0,-,0,-,0,-,0,.
Suriname,Blue shark,All,Tonnes - live weight,0,.,0,.,0,.,0,.,0,.,0,.,0,.,0,.,0,.,0,.,0,.,0,.,0,.,0,.,0,.,0,.,0,.,0,.,0,.,0,.,0,.,0,.,0,.,0,.,0,.,0,.,0,.,0,.,0,.,0,.,0,.,0,.,0,.,0,.,0,.,0,.,0,.,0,.,0,.,0,.,0,.,0,.,0,.,0,.,0,.,0,.,0,.,0,.,0,.,0,.,0,.,0,.,0,.,0,.,0,.,0,.,0,.,0,.,0,.,0,.,0,.,0,.,181,,281,,337,,195,,344,,345,F,345,F
Taiwan Province of China,Blue shark,All,Tonnes - live weight,0,.,0,.,0,.,0,.,0,.,0,.,0,.,0,.,0,.,0,.,0,.,0,.,0,.,0,.,0,.,0,.,0,.,0,.,0,.,0,.,0,.,0,.,0,.,0,.,0,.,0,.,0,.,0,.,0,.,0,.,0,.,0,.,0,.,0,.,0,.,0,.,0,.,0,.,0,.,0,.,0,.,0,.,0,.,0,.,0,.,0,.,0,.,0,.,0,.,0,.,0,.,0,.,0,.,0,.,0,.,0,.,0,.,3399,,5097,,4083,,5195,,6412,,5595,,5666,,6000,,6334,,7585,,6117,,3952,
Taiwan Province of China,"Hammerhead sharks, etc. nei",All,Tonnes - live weight,0,.,0,.,0,.,0,.,0,.,0,.,0,.,0,.,0,.,0,.,0,.,0,.,0,.,0,.,0,.,0,.,0,.,0,.,0,.,0,.,0,.,0,.,0,.,0,.,0,.,0,.,0,.,0,.,0,.,0,.,0,.,0,.,0,.,0,.,0,.,0,.,0,.,0,.,0,.,0,.,0,.,0,.,0,.,0,.,0,.,0,.,0,.,0,.,0,.,0,.,0,.,0,.,0,.,0,.,0,.,0,.,0,.,0,.,0,.,0,.,469,,448,,368,,307,,263,,277,,216,,259,,312,
Taiwan Province of China,Oceanic whitetip shark,All,Tonnes - live weight,0,.,0,.,0,.,0,.,0,.,0,.,0,.,0,.,0,.,0,.,0,.,0,.,0,.,0,.,0,.,0,.,0,.,0,.,0,.,0,.,0,.,0,.,0,.,0,.,0,.,0,.,0,.,0,.,0,.,0,.,0,.,0,.,0,.,0,.,0,.,0,.,0,.,0,.,0,.,0,.,0,.,0,.,0,.,0,.,0,.,0,.,0,.,0,.,0,.,0,.,0,.,0,.,0,.,0,.,0,.,0,.,0,.,0,.,0,.,173,,167,,247,,72,,0,0,0,0,0,0,1,,1,,3,
Taiwan Province of China,Silky shark,All,Tonnes - live weight,0,.,0,.,0,.,0,.,0,.,0,.,0,.,0,.,0,.,0,.,0,.,0,.,0,.,0,.,0,.,0,.,0,.,0,.,0,.,0,.,0,.,0,.,0,.,0,.,0,.,0,.,0,.,0,.,0,.,0,.,0,.,0,.,0,.,0,.,0,.,0,.,0,.,0,.,0,.,0,.,0,.,0,.,0,.,0,.,0,.,0,.,0,.,0,.,0,.,0,.,0,.,0,.,0,.,0,.,0,.,0,.,0,.,0,.,5,,1124,,1432,,2086,,1086,,870,,588,,479,,644,,309,,481,
Taiwan Province of China,Thresher sharks nei,All,Tonnes - live weight,0,.,0,.,0,.,0,.,0,.,0,.,0,.,0,.,0,.,0,.,0,.,0,.,0,.,0,.,0,.,0,.,0,.,0,.,0,.,0,.,0,.,0,.,0,.,0,.,0,.,0,.,0,.,0,.,0,.,0,.,0,.,0,.,0,.,0,.,0,.,0,.,0,.,0,.,0,.,0,.,0,.,0,.,0,.,0,.,0,.,0,.,0,.,0,.,0,.,0,.,0,.,0,.,0,.,0,.,0,.,0,.,0,.,0,.,0,.,580,,546,,902,,655,,858,,592,,576,,587,,584,,613,
"Tanzania, United Rep. of",Blue shark,All,Tonnes - live weight,0,.,0,.,0,.,0,.,0,.,0,.,0,.,0,.,0,.,0,.,0,.,0,.,0,.,0,.,0,.,0,.,0,.,0,.,0,.,0,.,0,.,0,.,0,.,0,.,0,.,0,.,0,.,0,.,0,.,0,.,0,.,0,.,0,.,0,.,0,.,0,.,0,.,0,.,0,.,0,.,0,.,0,.,0,.,0,.,0,.,0,.,0,.,0,.,0,.,0,.,0,.,0,.,0,.,0,.,0,.,0,.,0,.,7,,12,,30,,33,,48,,62,,19,,19,,7,,17,,16,,12,
"Tanzania, United Rep. of",Oceanic whitetip shark,All,Tonnes - live weight,0,.,0,.,0,.,0,.,0,.,0,.,0,.,0,.,0,.,0,.,0,.,0,.,0,.,0,.,0,.,0,.,0,.,0,.,0,.,0,.,0,.,0,.,0,.,0,.,0,.,0,.,0,.,0,.,0,.,0,.,0,.,0,.,0,.,0,.,0,.,0,.,0,.,0,.,0,.,0,.,0,.,0,.,0,.,0,.,0,.,0,.,0,.,0,.,0,.,0,.,0,.,0,.,0,.,0,.,0,.,0,.,0,.,0,.,0,.,5,,12,,0,.,0,.,0,.,0,.,0,.,0,.,0,.,0,-
"Tanzania, United Rep. of",Silky shark,All,Tonnes - live weight,0,.,0,.,0,.,0,.,0,.,0,.,0,.,0,.,0,.,0,.,0,.,0,.,0,.,0,.,0,.,0,.,0,.,0,.,0,.,0,.,0,.,0,.,0,.,0,.,0,.,0,.,0,.,0,.,0,.,0,.,0,.,0,.,0,.,0,.,0,.,0,.,0,.,0,.,0,.,0,.,0,.,0,.,0,.,0,.,0,.,0,.,0,.,0,.,0,.,0,.,0,.,0,.,0,.,0,.,0,.,0,.,0,.,0,.,0,.,5,,7,,6,,6,,1,,1,,0,.,0,.,0,.,2155,
Togo,"Hammerhead sharks, etc. nei",All,Tonnes - live weight,0,.,0,.,0,.,0,.,0,.,0,.,0,.,0,.,0,.,0,.,0,.,0,.,0,.,0,.,0,.,0,.,0,.,0,.,0,.,0,.,0,.,0,.,0,.,0,.,0,.,0,.,0,.,0,.,0,.,0,.,0,.,0,.,0,.,0,.,0,.,0,.,0,.,0,.,0,.,0,.,0,.,0,.,0,.,0,.,0,.,0,.,0,.,0,.,0,.,0,.,0,.,0,.,0,.,0,.,0,.,0,.,0,.,0,.,0,.,0,.,10,,48,,10,,0,.,0,.,29,,53,,39,,20,
Togo,Silky shark,All,Tonnes - live weight,0,.,0,.,0,.,0,.,0,.,0,.,0,.,0,.,0,.,0,.,0,.,0,.,0,.,0,.,0,.,0,.,0,.,0,.,0,.,0,.,0,.,0,.,0,.,0,.,0,.,0,.,0,.,0,.,0,.,0,.,0,.,0,.,0,.,0,.,0,.,0,.,0,.,0,.,0,.,0,.,0,.,0,.,0,.,0,.,0,.,0,.,0,.,0,.,0,.,0,.,0,.,0,.,0,.,0,.,0,.,0,.,0,.,0,.,0,.,0,.,5,,0,.,2,,0,.,0,.,0,.,0,.,0,.,0,.
Tonga,Mako sharks,All,Tonnes - live weight,0,.,0,.,0,.,0,.,0,.,0,.,0,.,0,.,0,.,0,.,0,.,0,.,0,.,0,.,0,.,0,.,0,.,0,.,0,.,0,.,0,.,0,.,0,.,0,.,0,.,0,.,0,.,0,.,0,.,0,.,0,.,0,.,0,.,0,.,0,.,0,.,0,.,0,.,0,.,0,.,0,.,0,.,0,.,0,.,0,.,0,.,0,.,0,.,0,.,0,.,0,.,0,.,0,.,0,.,0,.,0,.,0,.,0,.,0,.,19,,9,,15,,12,,13,,8,,20,,20,,14,,35,
Tonga,Oceanic whitetip shark,All,Tonnes - live weight,0,.,0,.,0,.,0,.,0,.,0,.,0,.,0,.,0,.,0,.,0,.,0,.,0,.,0,.,0,.,0,.,0,.,0,.,0,.,0,.,0,.,0,.,0,.,0,.,0,.,0,.,0,.,0,.,0,.,0,.,0,.,0,.,0,.,0,.,0,.,0,.,0,.,0,.,0,.,0,.,0,.,0,.,0,.,0,.,0,.,0,.,0,.,0,.,0,.,0,.,0,.,0,.,0,.,0,.,0,.,0,.,0,.,0,.,0,.,0,.,0,.,8,,6,,13,,0,-,0,-,0,-,0,-,3,
Tonga,Silky shark,All,Tonnes - live weight,0,.,0,.,0,.,0,.,0,.,0,.,0,.,0,.,0,.,0,.,0,.,0,.,0,.,0,.,0,.,0,.,0,.,0,.,0,.,0,.,0,.,0,.,0,.,0,.,0,.,0,.,0,.,0,.,0,.,0,.,0,.,0,.,0,.,0,.,0,.,0,.,0,.,0,.,0,.,0,.,0,.,0,.,0,.,0,.,0,.,0,.,0,.,0,.,0,.,0,.,0,.,0,.,0,.,0,.,0,.,0,.,0,.,0,.,0,.,0,.,0,.,11,,8,,4,,0,-,0,-,1,,0,-,0,-
Trinidad and Tobago,Blue shark,All,Tonnes - live weight,0,.,0,.,0,.,0,.,0,.,0,.,0,.,0,.,0,.,0,.,0,.,0,.,0,.,0,.,0,.,0,.,0,.,0,.,0,.,0,.,0,.,0,.,0,.,0,.,0,.,0,.,0,.,0,.,0,.,0,.,0,.,0,.,0,.,0,.,0,.,0,.,0,.,0,.,0,.,0,.,0,.,0,.,0,.,0,.,0,.,0,.,0,.,0,.,0,.,0,.,0,.,0,.,6,,3,,2,,1,,1,,0,0,2,,8,,9,,11,,11,,8,,10,,4,,2,,2,,0,0
Trinidad and Tobago,"Hammerhead sharks, etc. nei",All,Tonnes - live weight,0,.,0,.,0,.,0,.,0,.,0,.,0,.,0,.,0,.,0,.,0,.,0,.,0,.,0,.,0,.,0,.,0,.,0,.,0,.,0,.,0,.,0,.,0,.,0,.,0,.,0,.,0,.,0,.,0,.,0,.,0,.,0,.,0,.,0,.,0,.,0,.,0,.,0,.,0,.,0,.,0,.,0,.,0,.,0,.,0,.,0,.,0,.,0,.,0,.,0,.,0,.,16,,0,.,8,,6,,9,,2,,8,,37,,32,,58,,93,,48,,40,,40,,40,,40,,39,,39,
Trinidad and Tobago,Mako sharks,All,Tonnes - live weight,0,-,0,-,0,-,0,-,0,-,0,-,0,-,0,-,0,-,0,-,0,-,0,-,0,-,0,-,0,-,0,-,0,-,0,-,0,-,0,-,0,-,0,-,0,-,0,-,0,-,0,-,0,-,0,-,0,-,0,-,0,-,0,-,0,-,0,-,0,-,0,-,0,-,0,-,0,-,0,-,0,-,0,-,0,-,0,-,0,-,0,-,0,-,0,-,0,-,0,-,0,-,0,-,0,-,0,-,0,-,0,-,0,-,0,-,0,0,1,,1,,0,0,1,,0,0,0,0,0,0,0,0,0,-,0,-
Trinidad and Tobago,Thresher sharks nei,All,Tonnes - live weight,0,.,0,.,0,.,0,.,0,.,0,.,0,.,0,.,0,.,0,.,0,.,0,.,0,.,0,.,0,.,0,.,0,.,0,.,0,.,0,.,0,.,0,.,0,.,0,.,0,.,0,.,0,.,0,.,0,.,0,.,0,.,0,.,0,.,0,.,0,.,0,.,0,.,0,.,0,.,0,.,0,.,0,.,0,.,0,.,0,.,0,.,0,.,0,.,0,.,0,.,0,.,0,.,10,,5,,3,,2,,1,,1,,1,,0,0,1,,1,,1,,2,,2,,1,,1,,1,,1,
Tuvalu,Oceanic whitetip shark,All,Tonnes - live weight,0,.,0,.,0,.,0,.,0,.,0,.,0,.,0,.,0,.,0,.,0,.,0,.,0,.,0,.,0,.,0,.,0,.,0,.,0,.,0,.,0,.,0,.,0,.,0,.,0,.,0,.,0,.,0,.,0,.,0,.,0,.,0,.,0,.,0,.,0,.,0,.,0,.,0,.,0,.,0,.,0,.,0,.,0,.,0,.,0,.,0,.,0,.,0,.,0,.,0,.,0,.,0,.,0,.,0,.,0,.,0,.,0,.,0,.,0,.,0,.,0,.,0,.,0,.,0,.,0,.,0,.,0,.,1,,1,
Tuvalu,Silky shark,All,Tonnes - live weight,0,.,0,.,0,.,0,.,0,.,0,.,0,.,0,.,0,.,0,.,0,.,0,.,0,.,0,.,0,.,0,.,0,.,0,.,0,.,0,.,0,.,0,.,0,.,0,.,0,.,0,.,0,.,0,.,0,.,0,.,0,.,0,.,0,.,0,.,0,.,0,.,0,.,0,.,0,.,0,.,0,.,0,.,0,.,0,.,0,.,0,.,0,.,0,.,0,.,0,.,0,.,0,.,0,.,0,.,0,.,0,.,0,.,0,.,0,.,0,.,0,.,0,.,0,.,0,.,0,.,0,.,0,.,16,,6,
United Kingdom,Blue shark,All,Tonnes - live weight,0,.,0,.,0,.,0,.,0,.,0,.,0,.,0,.,0,.,0,.,0,.,0,.,0,.,0,.,0,.,0,.,0,.,0,.,0,.,0,.,0,-,0,-,0,-,0,-,0,-,0,-,0,-,0,-,0,-,0,-,0,-,0,-,0,-,0,-,0,-,0,-,0,-,0,-,0,-,0,-,0,-,0,-,0,-,0,-,0,-,0,-,0,-,0,.,0,.,0,.,12,,9,,6,,4,,122,,144,,1268,,871,,828,,551,,341,,330,,334,,200,,261,,227,,189,,207,,1278,
United Kingdom,Mako sharks,All,Tonnes - live weight,0,-,0,-,0,-,0,-,0,-,0,-,0,-,0,-,0,-,0,-,0,-,0,-,0,-,0,-,0,-,0,-,0,-,0,-,0,-,0,-,0,-,0,-,0,-,0,-,0,-,0,-,0,-,0,-,0,-,0,-,0,-,0,-,0,-,0,-,0,-,0,-,0,-,0,-,0,-,0,-,0,-,0,-,0,-,0,-,0,-,0,-,0,-,0,-,0,-,0,-,0,-,0,-,0,-,0,-,0,-,0,.,0,.,0,-,13,,13,,0,-,0,-,0,-,0,-,0,-,0,-,0,-,0,-,0,-
United Kingdom,Silky shark,All,Tonnes - live weight,0,-,0,-,0,-,0,-,0,-,0,-,0,-,0,-,0,-,0,-,0,-,0,-,0,-,0,-,0,-,0,-,0,-,0,-,0,-,0,-,0,-,0,-,0,-,0,-,0,-,0,-,0,-,0,-,0,-,0,-,0,-,0,-,0,-,0,-,0,-,0,-,0,-,0,-,0,-,0,-,0,-,0,-,0,-,0,-,0,-,0,-,0,-,0,-,0,-,0,-,0,-,0,-,0,-,0,-,0,-,0,-,0,-,0,-,0,-,0,-,0,-,1,,1,,0,-,0,-,0,-,0,-,2,,0,-
United Kingdom,Thresher sharks nei,All,Tonnes - live weight,0,-,0,-,0,-,0,-,0,-,0,-,0,-,0,-,0,-,0,-,0,-,0,-,0,-,0,-,0,-,0,-,0,-,0,-,0,-,0,-,0,-,0,-,0,-,0,-,0,-,0,-,0,-,0,-,0,-,0,-,0,-,0,-,0,-,0,-,0,-,0,-,0,-,0,-,0,-,0,-,0,-,0,-,0,-,0,-,0,-,0,-,0,-,0,-,0,-,0,-,0,-,0,-,0,-,0,-,0,-,0,-,0,-,0,-,1,,1,,2,,1,,1,,1,,2,,2,,3,,0,-,1,
United States of America,Blue shark,All,Tonnes - live weight,0,.,0,.,0,.,0,.,0,.,0,.,0,.,0,.,0,.,0,.,0,.,0,.,0,.,0,.,0,.,0,.,0,.,0,.,0,.,0,.,0,-,0,-,0,-,0,-,0,-,0,-,0,-,0,-,0,-,0,-,0,-,0,-,0,-,0,-,0,-,0,-,0,-,0,-,0,-,0,-,0,-,0,-,0,-,0,-,0,-,5,,1,,0,0,3,,1,,0,0,2,,41,,1,,0,0,0,-,0,0,0,0,0,0,0,0,0,0,10,,14,,8,,17,,0,0,0,0,0,0,0,.
United States of America,"Hammerhead sharks, etc. nei",All,Tonnes - live weight,0,.,0,.,0,.,0,.,0,.,0,.,0,.,0,.,0,.,0,.,0,.,0,.,0,.,0,.,0,.,0,.,0,.,0,.,0,.,0,.,0,.,0,.,0,.,0,.,0,.,0,.,0,.,0,.,0,.,0,.,0,.,0,.,0,.,0,.,0,.,0,.,0,.,0,.,0,.,0,.,0,.,0,.,0,.,0,.,0,.,131,,105,,51,,35,,32,,9,,43,,68,,96,,79,,123,,94,,43,,36,,103,,58,,69,,8,,0,-,0,0,0,0,0,0,0,0,0,.
United States of America,Oceanic whitetip shark,All,Tonnes - live weight,0,.,0,.,0,.,0,.,0,.,0,.,0,.,0,.,0,.,0,.,0,.,0,.,0,.,0,.,0,.,0,.,0,.,0,.,0,.,0,.,0,.,0,.,0,.,0,.,0,.,0,.,0,.,0,.,0,.,0,.,0,.,0,.,0,.,0,.,0,.,0,.,0,.,0,.,0,.,0,.,0,.,0,.,0,.,0,.,0,.,0,-,0,0,0,-,0,-,0,-,0,-,0,-,0,0,0,-,0,-,0,-,0,-,1,,0,-,0,-,0,-,0,-,0,-,0,-,0,-,0,-,0,-,0,-,0,.
United States of America,Silky shark,All,Tonnes - live weight,0,-,0,-,0,-,0,-,0,-,0,-,0,-,0,-,0,-,0,-,0,-,0,-,0,-,0,-,0,-,0,-,0,-,0,-,0,-,0,-,0,-,0,-,0,-,0,-,0,-,0,-,0,-,0,-,0,-,0,-,0,-,0,-,0,-,0,-,0,-,0,-,0,-,0,-,0,-,0,-,0,-,0,-,0,-,0,-,0,0,10,,11,,4,,9,,3,,5,,4,,1,,6,,0,.,2,,0,-,2,,3,,2,,1,,0,0,0,-,0,0,0,-,1,,0,0,0,0,0,.
United States of America,Thresher sharks nei,All,Tonnes - live weight,0,.,0,.,0,.,0,.,0,.,0,.,0,.,0,.,0,.,0,.,0,.,0,.,0,.,0,.,0,.,0,.,0,.,0,.,0,.,0,.,0,.,0,.,0,.,0,.,0,.,0,.,0,.,0,.,0,.,0,.,0,.,0,.,0,.,0,.,0,.,0,.,0,.,0,.,0,.,0,.,0,.,0,.,0,.,0,.,0,.,5,,1,,35,,2,,10,,3,,2,,39,,48,,59,,32,,35,,49,,41,,29,,18,,21,,16,,6,,16,,11,,6,,9,,0,.
Uruguay,Blue shark,All,Tonnes - live weight,0,-,0,-,0,-,0,-,0,-,0,-,0,-,0,-,0,-,0,-,0,-,0,-,0,-,0,-,0,-,0,-,0,-,0,-,0,-,0,-,0,-,0,-,0,-,0,-,0,-,0,-,0,-,0,-,0,-,0,-,0,-,0,-,0,-,0,-,0,-,0,-,0,-,0,-,0,-,0,-,0,-,8,,84,,15,,93,,64,,252,,286,,242,,126,,119,,66,,159,,480,,542,,461,,264,,337,,359,,942,,208,,725,,433,,130,,0,-,0,-,0,-,0,-,0,.
Uruguay,"Hammerhead sharks, etc. nei",All,Tonnes - live weight,0,.,0,.,0,.,0,.,0,.,0,.,0,.,0,.,0,.,0,.,0,.,0,.,0,.,0,.,0,.,0,.,0,.,0,.,0,.,0,.,0,.,0,.,0,.,0,.,0,.,0,.,0,.,0,.,0,.,0,.,0,.,0,.,0,.,0,.,0,.,0,.,0,.,0,.,0,.,0,.,0,.,0,.,0,.,0,.,0,.,0,.,0,.,0,.,0,.,0,.,0,.,0,.,13,,65,,47,,24,,27,,1,,12,,11,,4,,0,.,0,.,0,.,0,.,0,.,0,.,0,.,0,.
Vanuatu,Silky shark,All,Tonnes - live weight,0,.,0,.,0,.,0,.,0,.,0,.,0,.,0,.,0,.,0,.,0,.,0,.,0,.,0,.,0,.,0,.,0,.,0,.,0,.,0,.,0,.,0,.,0,.,0,.,0,.,0,.,0,.,0,.,0,.,0,.,0,.,0,.,0,.,0,.,0,.,0,.,0,.,0,.,0,.,0,.,0,.,0,.,0,.,0,.,0,.,0,.,0,.,0,.,0,.,0,.,0,.,0,.,0,.,0,.,0,.,0,.,0,.,0,.,0,.,804,,631,,555,,618,,618,,127,,102,,83,,0,-,0,-
"Venezuela, Boliv Rep of",Blue shark,All,Tonnes - live weight,0,.,0,.,0,.,0,.,0,.,0,.,0,.,0,.,0,.,0,.,0,.,0,.,0,.,0,.,0,.,0,.,0,.,0,.,0,.,0,.,0,.,0,.,0,.,0,.,0,.,0,.,0,.,0,.,0,.,0,.,0,.,0,.,0,.,0,.,0,.,0,.,0,.,0,.,0,.,0,.,0,.,0,.,0,.,0,.,0,.,0,.,0,.,0,.,0,.,0,.,0,.,0,.,0,.,0,.,10,,28,,12,,19,,8,,73,,75,,117,,99,,52,,113,,129,,116,,105,,0,-
Totals - Tonnes - live weight,,,,53,,304,,331,,335,,415,,415,,439,,420,,419,,420,,415,,445,,551,,561,,571,,603,,697,,708,,708,,734,,643,,624,,777,,889,,1018,,1471,,1640,,1940,,2125,,1793,,2004,,2227,,2992,,2930,,3042,,3121,,3254,,3464,,4306,,4684,,7033,,10669,,13050,,20288,,25537,,26199,,26471,,66080,,62061,,76730,,82268,,64818,,60134,,68790,,69762,,80050,,91035,,98900,,100710,,114586,,147733,,172214,,167171,,172171,,149517,,125833,,139084,,129622.6,,130130,
Totals - Number,,,,0,.,0,.,0,.,0,.,0,.,0,.,0,.,0,.,0,.,0,.,0,.,0,.,0,.,0,.,0,.,0,.,0,.,0,.,0,.,0,.,0,.,0,.,0,.,0,.,0,.,0,.,0,.,0,.,0,.,0,.,0,.,0,.,0,.,0,.,0,.,0,.,0,.,0,.,0,.,0,.,0,.,0,.,0,.,0,.,0,.,0,.,0,.,0,.,0,.,0,.,0,.,0,.,0,.,0,.,0,.,0,.,0,.,0,.,0,.,0,.,0,.,0,.,0,.,0,.,0,.,0,.,0,.,0,.,0,.
FAO. 2020. Fishery and Aquaculture Statistics. Global capture production 1950-2018 (FishstatJ). In: FAO Fisheries Division [online]. Rome. Updated 2020. www.fao.org/fishery/statistics/software/fishstatj/en
